Longitude,Latitude,Plot,TFamily,Line,Genotype,Rep,SC,DT,DPS,15NT1,Predicted,15NT1R,15NT2,Predicted,15T2R,15NT3,Predicted,15NT3R,AR,Predicted,Residuals,PDM,Predicted,Residuals,PTN,Predicted,Residuals,GDM,Predicted,Residuals,GTN,Predicted,Residuals
3,1,3.01,TB,B 25,B25:486782,1,5,80,85,NA,126.56,NA,NA,113.83,NA,NA,104.63,NA,1.67,3.2,,117.17,213.68,,1.94,1.21,,2.6,39.79,,2.335,2.08,
3,2,3.02,TB,B 28,B28:486784,1,14,80,85,NA,126.56,NA,NA,113.83,NA,NA,104.63,NA,1.67,p-value = 0.129,,113.83,p-value = 0.0543,,1.84,p-value = 0.117,,1.1,p-value = 0.467,,2.23,p-value = 0.38,
3,3,3.03,TB,B 07,B07:486780,1,13,100,100,NA,126.56,NA,NA,113.83,NA,NA,104.63,NA,2.33,,,84.33,,,1.01,,,4.8,,,2.09,,
3,4,3.04,TB,B 30,B30:486785,1,13,80,85,NA,126.56,NA,NA,113.83,NA,NA,104.63,NA,3.67,,,151.67,,,1.13,,,NA,,,NA,,
3,5,3.05,TB,B 50,B50:486787,1,10,80,85,NA,126.56,NA,NA,113.83,NA,NA,104.63,NA,4,,,151.5,,,1.44,,,0.3,,,2.12,,
3,6,3.06,T,Positive,6_03:486512,1,12,100,100,NA,126.56,NA,NA,113.83,NA,NA,104.63,NA,11.33,,,387.67,,,1.29,,,0.9,,,2.79,,
3,7,3.07,TD,D 03,29_01:486616,2,10,80,80,NA,126.56,NA,NA,113.83,NA,NA,104.63,NA,4.33,,,238.17,,,1.51,,,5.6,,,2.44,,
3,8,3.08,TD,D 81,47_03:486707,2,15,85,85,NA,126.56,NA,NA,113.83,NA,NA,104.63,NA,2,,,286.33,,,1.16,,,75.3,,,2.04,,
3,9,3.09,TD,D 88,27_06:486610,2,14,80,85,NA,126.56,NA,NA,113.83,NA,NA,104.63,NA,5,,,216.83,,,1.15,,,18.4,,,2.15,,
3,10,3.1,TD,D 11,34_06:486644,2,12,80,85,NA,126.56,NA,NA,113.83,NA,NA,104.63,NA,3.67,,,200.5,,,1.29,,,8.4,,,2.35,,
3,11,3.11,TD,D 61,34_05:486643,2,14,80,85,NA,126.56,NA,NA,113.83,NA,NA,104.63,NA,4.33,,,221.33,,,1.23,,,38,,,2.245,,
3,12,3.12,TD,D 115,25_01a:486597,2,10,80,85,NA,126.56,NA,NA,113.83,NA,NA,104.63,NA,5.33,,,258,,,1.35,,,24.2,,,1.98,,
4,1,4.01,TB,B 26,B26:486783,1,10,100,100,131.84,125.46,6.38,127.42,113.03,14.39,130.17,103.79,26.38,3,,,97.5,,,2.18,,,NA,,,NA,,
4,2,4.02,TB,B 12,B12:486781,1,14,85,92,161.09,125.46,35.63,140.88,113.03,27.85,110,103.79,6.21,2.33,,,193.17,,,1.11,,,28.9,,,1.98,,
4,3,4.03,N,Negative,14_05:486557,1,14,58,65,172.57,125.46,47.11,NA,113.03,NA,NA,103.79,NA,0,,,178.33,,,0.65,,,164.3,,,1.72,,
4,4,4.04,TB,B 72,4_04:486501,1,14,85,92,146.92,125.46,21.46,140.49,113.03,27.46,129.82,103.79,26.02,1.33,,,245.33,,,1.18,,,24.2,,,2.2,,
4,5,4.05,TB,B 56,4_05:486502,1,12,80,85,185.39,125.46,59.93,149.58,113.03,36.55,128.11,103.79,24.31,3.33,,,188,,,1.06,,,0.1,,,2.03,,
4,6,4.06,N,Negative,14_05:486557,1,15,58,65,133.67,125.46,8.21,NA,113.03,NA,NA,103.79,NA,0,,,168,,,0.7,,,146.3,,,1.56,,
4,7,4.07,TD,D 83,48_04:486713,2,14,73,80,170.67,125.46,45.21,142.96,113.03,29.93,128.97,103.79,25.18,0.33,,,204.83,,,1.3,,,23.8,,,2.25,,
4,8,4.08,TD,D 103,26_01a:486602,2,10,80,85,111.04,125.46,-14.42,97.41,113.03,-15.62,106.56,103.79,2.76,3,,,212.17,,,1.35,,,0.6,,,2.39,,
4,9,4.09,N,Negative,14_05:486557,2,15,58,65,147.1,125.46,21.64,NA,113.03,NA,NA,103.79,NA,0,,,233.17,,,0.56,,,209.5,,,1.56,,
4,10,4.1,TD,D 82,45_03:486698,2,15,85,85,129.51,125.46,4.05,149.95,113.03,36.92,141.03,103.79,37.24,1.33,,,246.83,,,1.04,,,12.4,,,2.39,,
4,11,4.11,TD,D 78,30_03:486624,2,11,73,80,182.03,125.46,56.57,136.6,113.03,23.57,120.59,103.79,16.79,2.33,,,264.17,,,1.55,,,0.4,,,2.61,,
4,12,4.12,T,Positive,6_03:486512,2,15,100,100,121.81,125.46,-3.65,126.5,113.03,13.47,97.77,103.79,-6.02,8.67,,,268.67,,,1.18,,,NA,,,NA,,
5,1,5.01,TB,B 66,5_01:486503,1,14,85,92,NA,124.36,NA,NA,112.23,NA,NA,102.96,NA,1.33,,,96.33,,,1.67,,,NA,,,NA,,
5,2,5.02,TB,B 21,5_02:486504,1,9,80,85,NA,124.36,NA,NA,112.23,NA,NA,102.96,NA,4,,,192.33,,,1.79,,,NA,,,NA,,
5,3,5.03,TB,B 47,5_03:486505,1,11,85,92,NA,124.36,NA,NA,112.23,NA,NA,102.96,NA,2.33,,,140.17,,,1.57,,,NA,,,NA,,
5,4,5.04,TB,B 38,5_04a:486506,1,4,85,92,NA,124.36,NA,NA,112.23,NA,NA,102.96,NA,4,,,193,,,1.59,,,NA,,,NA,,
5,5,5.05,TB,B 61,5_05:486508,1,10,73,80,NA,124.36,NA,NA,112.23,NA,NA,102.96,NA,1,,,199.83,,,1.03,,,35,,,1.93,,
5,6,5.06,TB,B 70,5_06:486509,1,13,73,80,NA,124.36,NA,NA,112.23,NA,NA,102.96,NA,3.33,,,181.67,,,1.39,,,NA,,,NA,,
5,7,5.07,TD,D 108,38_03:486663,2,13,85,85,NA,124.36,NA,NA,112.23,NA,NA,102.96,NA,3,,,246.67,,,1.3,,,18.7,,,2.05,,
5,8,5.08,TD,D 94,41_06:486680,2,14,80,85,NA,124.36,NA,NA,112.23,NA,NA,102.96,NA,3.67,,,292.67,,,1.16,,,11.2,,,2.22,,
5,9,5.09,N,Negative,14_05:486557,2,14,58,65,NA,124.36,NA,NA,112.23,NA,NA,102.96,NA,0,,,208.67,,,0.59,,,214.1,,,1.45,,
5,10,5.1,TD,D 22,25_04:486600,2,8,73,80,NA,124.36,NA,NA,112.23,NA,NA,102.96,NA,5.33,,,267.83,,,1.59,,,NA,,,NA,,
5,11,5.11,TD,D 96,32_02:486634,2,14,85,85,NA,124.36,NA,NA,112.23,NA,NA,102.96,NA,1.33,,,174.33,,,1.07,,,68.2,,,1.77,,
5,12,5.12,TD,D 05,29_05:486617,2,14,85,85,NA,124.36,NA,NA,112.23,NA,NA,102.96,NA,4.67,,,208.17,,,1.31,,,15.1,,,2.56,,
6,1,6.01,TB,B 11,6_01:486510,1,14,92,92,117.23,123.26,-6.03,111.13,111.42,-0.29,88.94,102.12,-13.18,3.33,,,174,,,1.58,,,1,,,2.3,,
6,2,6.02,B,B73,6_02:486511,1,13,58,65,128.03,123.26,4.77,NA,111.42,NA,NA,102.12,NA,0,,,146,,,1.53,,,1.1,,,2.42,,
6,3,6.03,T,Positive,6_03:486512,1,14,122,128,111.15,123.26,-12.12,103.28,111.42,-8.15,101.92,102.12,-0.2,5.67,,,306.33,,,1.21,,,3.2,,,1.975,,
6,4,6.04,TB,B 14,6_04:486513,1,4,85,85,211.73,123.26,88.47,145.38,111.42,33.95,131.02,102.12,28.9,4.33,,,196.5,,,1.4,,,25.8,,,2.21,,
6,5,6.05,TB,B 43,6_05a:486514,1,3,92,107,168.99,123.26,45.73,135.83,111.42,24.41,129.12,102.12,27,7,,,299.25,,,1.32,,,NA,,,NA,,
6,6,6.06,TB,B 01,B01:486779,1,15,73,80,115.88,123.26,-7.38,108.86,111.42,-2.57,98.68,102.12,-3.44,3,,,237,,,1.2,,,3.4,,,1.97,,
6,7,6.07,TD,D 51,31_05:486631,2,15,80,80,133.34,123.26,10.07,113.86,111.42,2.43,92.05,102.12,-10.07,1.67,,,234.33,,,1.29,,,8.8,,,2.51,,
6,8,6.08,T,Positive,6_03:486512,2,14,122,128,99.05,123.26,-24.22,86.25,111.42,-25.17,74.05,102.12,-28.07,7.33,,,517.5,,,0.9,,,23,,,1.9,,
6,9,6.09,TD,D 36,42_03:486683,2,15,85,85,112.34,123.26,-10.92,110.21,111.42,-1.21,100.62,102.12,-1.5,1,,,189,,,0.65,,,124.3,,,1.65,,
6,10,6.1,TD,D 62,40_06:486676,2,10,85,92,103.94,123.26,-19.32,78.44,111.42,-32.98,78.04,102.12,-24.08,3.67,,,256.83,,,1.37,,,12.3,,,2.06,,
6,11,6.11,TD,D 114,33_06:486640,2,8,73,80,92.17,123.26,-31.09,73.12,111.42,-38.31,61.25,102.12,-40.87,4.33,,,249.67,,,1.79,,,25.7,,,1.93,,
6,12,6.12,TD,D 85,28_05:486615,2,14,80,85,99.6,123.26,-23.66,84.08,111.42,-27.34,84,102.12,-18.12,2.67,,,220.83,,,1.28,,,0.3,,,3.21,,
7,1,7.01,TB,B 29,7_01a:486515,1,8,85,85,NA,122.16,NA,NA,110.62,NA,NA,101.28,NA,3.33,,,142.33,,,1.6,,,3.1,,,2.48,,
7,2,7.02,TB,B 60,7_02a:486516,1,9,85,92,NA,122.16,NA,NA,110.62,NA,NA,101.28,NA,7.67,,,128.5,,,1.85,,,NA,,,NA,,
7,3,7.03,TB,B 71,7_03:486517,1,14,92,92,NA,122.16,NA,NA,110.62,NA,NA,101.28,NA,2.33,,,189.17,,,1.56,,,NA,,,NA,,
7,4,7.04,TB,B 63,7_04:486518,1,12,80,80,NA,122.16,NA,NA,110.62,NA,NA,101.28,NA,1.33,,,206.83,,,1.28,,,34.6,,,2.02,,
7,5,7.05,T,Positive,6_03:486512,1,13,122,128,NA,122.16,NA,NA,110.62,NA,NA,101.28,NA,10,,,413.67,,,1.3,,,10.8,,,1.88,,
7,6,7.06,TB,B 68,7_06:486520,1,8,73,80,NA,122.16,NA,NA,110.62,NA,NA,101.28,NA,2.67,,,179.83,,,1.19,,,38.8,,,2.14,,
7,7,7.07,D,LH82,36_05:486653,2,11,58,65,NA,122.16,NA,NA,110.62,NA,NA,101.28,NA,0,,,116.33,,,1.23,,,38.8,,,1.69,,
7,8,7.08,TD,D 54,26_06:486606,2,12,80,80,NA,122.16,NA,NA,110.62,NA,NA,101.28,NA,2.67,,,216.67,,,1.07,,,61.3,,,1.87,,
7,9,7.09,TD,D 76,44_03:486693,2,14,80,80,NA,122.16,NA,NA,110.62,NA,NA,101.28,NA,2,,,294.5,,,0.96,,,10.6,,,2.41,,
7,10,7.1,N,Negative,14_05:486557,2,14,58,65,NA,122.16,NA,NA,110.62,NA,NA,101.28,NA,0,,,252.83,,,0.54,,,215.6,,,1.81,,
7,11,7.11,TD,D 17,37_01:486655,2,11,80,80,NA,122.16,NA,NA,110.62,NA,NA,101.28,NA,2.33,,,248.17,,,1.02,,,42.3,,,2.06,,
7,12,7.12,TD,D 43,38_01:486661,2,13,85,85,NA,122.16,NA,NA,110.62,NA,NA,101.28,NA,1,,,171.67,,,0.77,,,45.2,,,1.85,,
8,1,8.01,TB,B 76,8_01:486521,1,4,85,92,109.06,121.06,-12,80.97,109.82,-28.85,74.41,100.45,-26.04,6,,,190,,,1.93,,,0.2,,,2.61,,
8,2,8.02,TB,B 35,8_02:486522,1,10,85,85,80.02,121.06,-41.05,75.1,109.82,-34.72,74.54,100.45,-25.91,4,,,192.17,,,1.59,,,NA,,,NA,,
8,3,8.03,TB,B 37,8_03:486523,1,10,73,80,92.07,121.06,-28.99,79.62,109.82,-30.21,86.86,100.45,-13.59,1.33,,,206,,,1.23,,,NA,,,NA,,
8,4,8.04,TB,B 24,8_04:486524,1,12,80,85,122.31,121.06,1.25,109.7,109.82,-0.12,111.02,100.45,10.57,1.67,,,181.83,,,1.43,,,NA,,,NA,,
8,5,8.05,TB,B 15,8_05:486525,1,12,92,92,123.94,121.06,2.87,102.61,109.82,-7.21,88.86,100.45,-11.58,2.67,,,230.67,,,1.3,,,NA,,,NA,,
8,6,8.06,TB,B 52,8_06:486526,1,15,80,85,91.11,121.06,-29.95,89.41,109.82,-20.41,82.57,100.45,-17.88,3.33,,,180.67,,,1.15,,,20.2,,,1.915,,
8,7,8.07,TD,D 31,31_03:486629,2,13,85,85,120.38,121.06,-0.68,87.14,109.82,-22.68,89.21,100.45,-11.24,1.67,,,244.83,,,1.15,,,71.9,,,1.97,,
8,8,8.08,TD,D 106,37_06:486660,2,6,73,80,101.94,121.06,-19.12,90.98,109.82,-18.84,82.62,100.45,-17.83,5,,,283,,,1.04,,,NA,,,NA,,
8,9,8.09,T,Positive,6_03:486512,2,14,122,128,113.71,121.06,-7.35,124.34,109.82,14.52,109.09,100.45,8.64,10.33,,,543.83,,,0.995,,,23,,,1.55,,
8,10,8.1,TD,D 53,42_05a:486684,2,4,80,85,119.97,121.06,-1.09,97.97,109.82,-11.86,72.39,100.45,-28.06,5,,,279.5,,,1.12,,,5.4,,,2.03,,
8,11,8.11,TD,D 90,46_04:486703,2,13,85,85,97.2,121.06,-23.86,106.03,109.82,-3.79,107.25,100.45,6.8,1.33,,,162.83,,,0.79,,,70.3,,,1.65,,
8,12,8.12,TD,D 89,46_05:486704,2,13,80,92,104.96,121.06,-16.1,98.58,109.82,-11.24,78.74,100.45,-21.71,1,,,111.17,,,0.9,,,1.7,,,2.12,,
9,1,9.01,TB,B 85,9_01:486527,1,12,85,92,NA,119.96,NA,NA,109.02,NA,NA,99.61,NA,2.33,,,189.33,,,1.67,,,1.5,,,2.1,,
9,2,9.02,N,Negative,14_05:486557,1,13,58,65,NA,119.96,NA,NA,109.02,NA,NA,99.61,NA,0,,,233.17,,,0.51,,,209.4,,,1.63,,
9,3,9.03,TB,B 44,9_03a:486528,1,2,85,92,NA,119.96,NA,NA,109.02,NA,NA,99.61,NA,3.5,,,232.25,,,1.37,,,NA,,,NA,,
9,4,9.04,TB,B 77,9_04:486529,1,5,85,92,NA,119.96,NA,NA,109.02,NA,NA,99.61,NA,3.33,,,231,,,1.46,,,0.2,,,2.27,,
9,5,9.05,TB,B 53,9_05:486530,1,10,80,85,NA,119.96,NA,NA,109.02,NA,NA,99.61,NA,2.33,,,141.67,,,1.3,,,7.4,,,2.12,,
9,6,9.06,TB,B 36,9_06:486531,1,10,80,85,NA,119.96,NA,NA,109.02,NA,NA,99.61,NA,3.67,,,281.5,,,0.94,,,NA,,,NA,,
9,7,9.07,TD,D 19,26_02:486603,2,13,85,85,NA,119.96,NA,NA,109.02,NA,NA,99.61,NA,3,,,238.67,,,1.29,,,1.1,,,3.78,,
9,8,9.08,TD,D 32,31_04:486630,2,15,85,92,NA,119.96,NA,NA,109.02,NA,NA,99.61,NA,1,,,257.17,,,0.94,,,6.6,,,2.32,,
9,9,9.09,N,Negative,14_05:486557,2,13,58,65,NA,119.96,NA,NA,109.02,NA,NA,99.61,NA,0,,,225.17,,,0.38,,,211.6,,,1.42,,
9,10,9.1,TD,D 13,42_06a:486685,2,9,85,92,NA,119.96,NA,NA,109.02,NA,NA,99.61,NA,3.33,,,103.67,,,1.09,,,NA,,,NA,,
9,11,9.11,TD,D 27,46_03:486702,2,12,80,80,NA,119.96,NA,NA,109.02,NA,NA,99.61,NA,0.33,,,220.5,,,0.69,,,37.1,,,1.88,,
9,12,9.12,TD,D 80,49_01:486716,2,13,80,80,NA,119.96,NA,NA,109.02,NA,NA,99.61,NA,0.67,,,184,,,0.81,,,75.2,,,1.86,,
10,1,10.01,TB,B 62,10_01:486532,1,12,80,85,77.72,118.86,-41.14,57.97,108.22,-50.25,69.71,98.78,-29.06,3.33,,,181.83,,,1.66,,,NA,,,NA,,
10,2,10.02,TB,B 13,10_02:486533,1,6,80,85,103.97,118.86,-14.9,89.95,108.22,-18.27,77.58,98.78,-21.19,3.33,,,207,,,1,,,30.7,,,1.81,,
10,3,10.03,TB,B 65,10_03a:486534,1,12,85,92,105.3,118.86,-13.56,93.51,108.22,-14.71,92.69,98.78,-6.09,2.33,,,205.83,,,1.37,,,1.1,,,2.28,,
10,4,10.04,T,Positive,6_03:486512,1,13,114,122,91.32,118.86,-27.54,95.31,108.22,-12.91,87.4,98.78,-11.38,11.33,,,311.5,,,1.29,,,10.8,,,1.77,,
10,5,10.05,TB,B 34,10_05:486536,1,8,80,80,131.55,118.86,12.69,100.33,108.22,-7.89,111.54,98.78,12.76,2,,,213.5,,,1.03,,,8.8,,,1.78,,
10,6,10.06,TB,B 46,B46:486786,1,13,80,85,105.73,118.86,-13.14,84.1,108.22,-24.11,84.32,98.78,-14.46,3,,,230.67,,,0.59,,,29.7,,,2,,
10,7,10.07,TD,D 46,40_05a:486675,2,3,NA,NA,NA,NA,NA,NA,108.22,NA,NA,98.78,NA,NA,,,NA,,,NA,,,NA,,,NA,,
10,8,10.08,T,Positive,6_03:486512,2,14,114,122,112.75,118.86,-6.12,103.94,108.22,-4.28,92.02,98.78,-6.76,8.33,,,552.5,,,0.78,,,4,,,2.4,,
10,9,10.09,TD,D 49,38_06:486666,2,12,85,92,141.11,118.86,22.24,129.66,108.22,21.44,108.3,98.78,9.52,4.67,,,214.67,,,1.04,,,38.3,,,1.99,,
10,10,10.1,TD,D 79,46_06:486705,2,8,85,85,114.67,118.86,-4.19,104.91,108.22,-3.31,100.44,98.78,1.66,2.33,,,260.67,,,1.4,,,0.1,,,2.42,,
10,11,10.11,TD,D 15,36_01:486649,2,11,80,85,103.74,118.86,-15.13,110.33,108.22,2.11,96.84,98.78,-1.93,3.67,,,240.33,,,0.93,,,1.7,,,2.3,,
10,12,10.12,TD,D 77,40_04:486674,2,14,85,85,123.5,118.86,4.63,126.28,108.22,18.06,118.32,98.78,19.54,0.33,,,220,,,0.67,,,30.2,,,2.06,,
11,1,11.01,TB,B 82,11_01:486537,1,5,80,85,NA,117.76,NA,NA,107.42,NA,NA,97.94,NA,4,,,226.17,,,1.24,,,35.1,,,2.08,,
11,2,11.02,TB,B 41,11_02:486538,1,11,85,92,NA,117.76,NA,NA,107.42,NA,NA,97.94,NA,2.33,,,182.83,,,1.26,,,NA,,,NA,,
11,3,11.03,TB,B 54,11_03a:486539,1,2,85,85,NA,117.76,NA,NA,107.42,NA,NA,97.94,NA,4,,,166,,,1.39,,,NA,,,NA,,
11,4,11.04,TB,B 59,11_04:486540,1,13,80,80,NA,117.76,NA,NA,107.42,NA,NA,97.94,NA,5,,,177,,,1.3,,,6.9,,,2,,
11,5,11.05,TB,B 86,11_05:486541,1,11,85,85,NA,117.76,NA,NA,107.42,NA,NA,97.94,NA,1.67,,,160.17,,,1.2,,,13.8,,,2.41,,
11,6,11.06,TB,B 27,11_06:486542,1,3,92,107,NA,117.76,NA,NA,107.42,NA,NA,97.94,NA,4.33,,,264.17,,,1.3,,,0.6,,,2.25,,
11,7,11.07,TD,D 86,35_03:486647,2,11,80,85,NA,117.76,NA,NA,107.42,NA,NA,97.94,NA,5.67,,,160.17,,,1.24,,,0.2,,,2.36,,
11,8,11.08,TD,D 118,32_01:486633,2,13,92,92,NA,117.76,NA,NA,107.42,NA,NA,97.94,NA,2.33,,,231.5,,,0.94,,,42.4,,,1.91,,
11,9,11.09,TD,D 72,44_04:486694,2,11,80,80,NA,117.76,NA,NA,107.42,NA,NA,97.94,NA,4,,,240.67,,,1.12,,,0.3,,,2.26,,
11,10,11.1,T,Positive,6_03:486512,2,12,100,122,NA,117.76,NA,NA,107.42,NA,NA,97.94,NA,7,,,482.33,,,0.84,,,25.1,,,2.06,,
11,11,11.11,N,Negative,14_05:486557,2,15,58,65,NA,117.76,NA,NA,107.42,NA,NA,97.94,NA,0.67,,,192.33,,,0.44,,,200,,,1.44,,
11,12,11.12,TD,D 55,41_05:486679,2,9,80,85,NA,117.76,NA,NA,107.42,NA,NA,97.94,NA,4.33,,,171,,,1.12,,,NA,,,NA,,
12,1,12.01,TB,B 64,12_01:486543,1,12,80,80,75.13,116.66,-41.53,69.54,106.61,-37.08,48.09,97.11,-49.02,3.67,,,225.33,,,1.34,,,34.1,,,1.87,,
12,2,12.02,T,Positive,6_03:486512,1,6,122,128,102.24,116.66,-14.43,81.59,106.61,-25.02,84.76,97.11,-12.35,12.67,,,453.67,,,1.555,,,5.1,,,2.21,,
12,3,12.03,N,Negative,14_05:486557,1,15,58,65,69.79,116.66,-46.87,NA,106.61,NA,NA,97.11,NA,1.33,,,198.5,,,0.7,,,212.3,,,1.45,,
12,4,12.04,TB,B 79,12_04:486544,1,13,85,85,105.87,116.66,-10.79,86.81,106.61,-19.81,82.82,97.11,-14.29,5,,,153.67,,,1.17,,,13.8,,,2.14,,
12,5,12.05,TB,B 08,12_05:486545,1,14,80,80,119.7,116.66,3.04,115.57,106.61,8.96,89.43,97.11,-7.67,2.67,,,170.83,,,0.98,,,28.7,,,1.9,,
12,6,12.06,TB,B 19,12_06:486546,1,1,107,107,146.5,116.66,29.84,108.96,106.61,2.35,NA,97.11,NA,NA,,,NA,,,NA,,,NA,,,NA,,
12,7,12.07,TD,D 25,NA,2,3,NA,NA,NA,116.66,NA,NA,106.61,NA,NA,97.11,NA,NA,,,NA,,,NA,,,NA,,,NA,,
12,8,12.08,TD,D 58,43_02:486687,2,14,80,85,147,116.66,30.34,126.59,106.61,19.98,97.71,97.11,0.61,4.33,,,247,,,1.18,,,35.2,,,2.03,,
12,9,12.09,TD,D 48,47_02:486706,2,12,85,85,105.38,116.66,-11.29,114.15,106.61,7.54,97.18,97.11,0.08,3,,,174,,,0.98,,,36,,,2.3,,
12,10,12.1,TD,D 92,27_01:486607,2,14,80,85,113.46,116.66,-3.2,98.08,106.61,-8.54,114.7,97.11,17.6,2.67,,,221.5,,,0.71,,,26.5,,,2.04,,
12,11,12.11,T,Positive,6_03:486512,2,7,107,114,127.62,116.66,10.96,115.65,106.61,9.04,99.02,97.11,1.92,9.33,,,414.83,,,0.81,,,13.2,,,2.28,,
12,12,12.12,TD,D 97,45_01:486696,2,12,85,85,88.23,116.66,-28.43,80.57,106.61,-26.04,77.99,97.11,-19.11,1.67,,,238,,,0.91,,,10.5,,,2.17,,
13,1,13.01,TB,B 74,13_01:486547,1,8,92,107,112.66,115.56,-2.91,91.52,105.81,-14.29,65.7,96.27,-30.57,2,,,178.17,,,1.35,,,NA,,,NA,,
13,2,13.02,T,Totontepec,6_03:486512,1,11,122,128,133.36,115.56,17.8,100.21,105.81,-5.61,84.96,96.27,-11.31,10.67,,,344.17,,,1.675,,,NA,,,NA,,
13,3,13.03,TB,B 84,13_03:486549,1,13,73,80,113.77,115.56,-1.8,96.43,105.81,-9.39,79.11,96.27,-17.16,3,,,229,,,0.92,,,50.8,,,1.71,,
13,4,13.04,TB,B 57,13_04:486550,1,13,80,85,125,115.56,9.44,110.11,105.81,4.3,89.68,96.27,-6.59,1.67,,,177.17,,,1.11,,,22.8,,,2,,
13,5,13.05,TB,B 23,13_05:486551,1,10,80,80,165.33,115.56,49.76,126.83,105.81,21.02,139.04,96.27,42.77,4,,,236.83,,,0.85,,,129.1,,,1.69,,
13,6,13.06,TB,B 49,13_06:486552,1,15,80,80,155.47,115.56,39.91,111.45,105.81,5.64,107.24,96.27,10.97,3,,,197,,,0.71,,,81.8,,,1.97,,
13,7,13.07,TD,D 102,40_01:486672,2,15,85,85,122.67,115.56,7.11,109.9,105.81,4.08,115.57,96.27,19.3,2.33,,,270.67,,,1.4,,,8.8,,,2.12,,
13,8,13.08,TD,D 33,28_04:486614,2,11,73,73,97.99,115.56,-17.58,87.82,105.81,-18,87.63,96.27,-8.64,1,,,162.67,,,0.89,,,NA,,,NA,,
13,9,13.09,TD,D 01,26_04:486604,2,5,85,85,134.22,115.56,18.66,100.45,105.81,-5.36,98.17,96.27,1.9,3.67,,,330.17,,,1.46,,,23.4,,,1.97,,
13,10,13.1,N,Negative,14_05:486557,2,15,58,65,102.56,115.56,-13.01,NA,105.81,NA,103.58,96.27,7.3,1,,,180.5,,,0.51,,,154.3,,,1.17,,
13,11,13.11,T,Positive,6_03:486512,2,14,122,128,116.68,115.56,1.12,117.1,105.81,11.29,NA,96.27,NA,6,,,407,,,0.825,,,2.3,,,2.465,,
13,12,13.12,TD,D 71,37_05:486659,2,10,80,85,97.25,115.56,-18.31,77.91,105.81,-27.9,74.94,96.27,-21.33,1,,,174.83,,,0.97,,,27.1,,,1.96,,
14,1,14.01,TB,B 16,14_01:486553,1,15,80,85,116.48,114.46,2.01,88.84,105.01,-16.17,67.08,95.44,-28.36,0.67,,,214.5,,,1.27,,,5.9,,,2.16,,
14,2,14.02,TB,B 04,14_02:486554,1,5,92,107,127.35,114.46,12.88,137.63,105.01,32.62,119.45,95.44,24.02,2.33,,,153.17,,,1.32,,,NA,,,NA,,
14,3,14.03,TB,B 18,14_03:486555,1,7,85,85,151.44,114.46,36.98,133.33,105.01,28.32,119.33,95.44,23.9,2.67,,,189.5,,,1.18,,,0.7,,,1.92,,
14,4,14.04,TB,B 80,14_04:486556,1,7,92,92,129.26,114.46,14.8,130.45,105.01,25.43,102.61,95.44,7.18,2,,,218.83,,,1.48,,,4.9,,,2.23,,
14,5,14.05,N,Negative,14_05:486557,1,14,58,65,112.7,114.46,-1.76,NA,105.01,NA,NA,95.44,NA,1.33,,,200.33,,,0.62,,,151.2,,,1.54,,
14,6,14.06,TB,B 69,14_06:486558,1,13,85,92,121.32,114.46,6.85,110.03,105.01,5.01,105.96,95.44,10.53,3.33,,,163,,,0.94,,,NA,,,NA,,
14,7,14.07,TD,D 42,46_02:486701,2,15,80,80,115.68,114.46,1.21,133.98,105.01,28.97,116.4,95.44,20.96,1.33,,,184.17,,,1.11,,,8,,,2.23,,
14,8,14.08,TD,D 07,28_02:486612,2,8,85,85,123.33,114.46,8.86,109.32,105.01,4.31,64.87,95.44,-30.56,2.67,,,254.83,,,0.9,,,28,,,1.82,,
14,9,14.09,TD,D 119,32_04:486636,2,10,80,80,148.41,114.46,33.95,126.41,105.01,21.4,101.35,95.44,5.91,3.33,,,307.17,,,1.49,,,20,,,2.78,,
14,10,14.1,TD,D 91,35_02:486646,2,11,92,92,140.61,114.46,26.15,129.56,105.01,24.55,69.32,95.44,-26.12,4.67,,,393.33,,,0.94,,,2.7,,,2.4,,
14,11,14.11,TD,D 93,D93:486788,2,15,80,85,120.09,114.46,5.62,117.19,105.01,12.18,96.05,95.44,0.62,0.67,,,178.5,,,0.73,,,18.4,,,1.75,,
14,12,14.12,N,Negative,14_05:486557,2,14,58,65,132.84,114.46,18.38,NA,105.01,NA,NA,95.44,NA,0.33,,,196.67,,,0.44,,,0,,,NA,,
15,1,15.01,TB,B 32,15_01a:486559,1,8,85,85,130.95,113.36,17.59,123.27,104.21,19.06,98.97,94.6,4.38,3.67,,,141.67,,,1.37,,,NA,,,NA,,
15,2,15.02,N,Negative,14_05:486557,1,14,58,65,114.98,113.36,1.62,NA,104.21,NA,NA,94.6,NA,1.67,,,243,,,0.68,,,234.3,,,1.56,,
15,3,15.03,TB,B 10,15_03:486560,1,8,80,85,109.44,113.36,-3.93,95.36,104.21,-8.85,102.94,94.6,8.34,4.67,,,242,,,1.08,,,0.3,,,2.14,,
15,4,15.04,TB,B 78,15_04:486561,1,12,80,80,127.29,113.36,13.93,96.5,104.21,-7.71,96.26,94.6,1.66,2.67,,,163.5,,,1.02,,,12.1,,,2.38,,
15,5,15.05,TB,B 58,15_05:486562,1,5,85,92,114.33,113.36,0.97,97.82,104.21,-6.38,101.15,94.6,6.55,4,,,174.33,,,0.97,,,0.8,,,2.15,,
15,6,15.06,TB,B 33,15_06:486563,1,12,80,80,128.02,113.36,14.66,105.67,104.21,1.47,120.18,94.6,25.58,4,,,192.33,,,1.02,,,17.5,,,1.95,,
15,7,15.07,TD,D 37,43_01:486686,2,13,85,92,137.35,113.36,23.99,126.06,104.21,21.85,110.62,94.6,16.02,2,,,222.5,,,0.95,,,19.5,,,2.22,,
15,8,15.08,TD,D 60,27_02:486608,2,11,92,92,99.39,113.36,-13.97,110.51,104.21,6.3,71.83,94.6,-22.77,4.33,,,226.17,,,1.25,,,NA,,,NA,,
15,9,15.09,TD,D 21,39_04:486669,2,8,85,92,140.49,113.36,27.12,119.9,104.21,15.69,109.78,94.6,15.18,1,,,138.33,,,1.17,,,0.3,,,2.51,,
15,10,15.1,TD,D 117,34_03:486642,2,14,80,85,113.13,113.36,-0.23,103.08,104.21,-1.13,112.74,94.6,18.14,4.67,,,257.33,,,0.85,,,39.6,,,1.99,,
15,11,15.11,TD,D 64,45_06:486700,2,12,92,107,95.37,113.36,-17.99,80.28,104.21,-23.93,63.94,94.6,-30.66,6.33,,,239.17,,,1.15,,,0.9,,,2.8,,
15,12,15.12,TD,D 105,30_01a:486622,2,7,100,100,98.03,113.36,-15.34,97.89,104.21,-6.32,81.6,94.6,-13,3.33,,,325.33,,,0.85,,,19,,,2.12,,
16,1,16.01,T,Positive,6_03:486512,1,12,122,128,107.16,112.26,-5.1,91.97,103.41,-11.44,78.56,93.76,-15.21,10.33,,,324.67,,,1.55,,,NA,,,NA,,
16,2,16.02,TB,B 03,16_02:486564,1,11,100,100,117.28,112.26,5.01,103.23,103.41,-0.18,96.16,93.76,2.39,3,,,176.5,,,1.26,,,NA,,,NA,,
16,3,16.03,TB,B 45,16_03a:486565,1,3,80,92,96.04,112.26,-16.22,76.02,103.41,-27.39,99.35,93.76,5.59,4.5,,,116.17,,,1.33,,,0.8,,,2.25,,
16,4,16.04,TB,B 20,16_04:486566,1,7,85,92,139.17,112.26,26.91,NA,103.41,NA,NA,93.76,NA,6,,,160.67,,,1.43,,,NA,,,NA,,
16,5,16.05,TB,B 31,16_05:486567,1,11,73,80,135.27,112.26,23,128.83,103.41,25.43,89.47,93.76,-4.29,2,,,207.5,,,1.04,,,NA,,,NA,,
16,6,16.06,N,Negative,14_05:486557,1,14,58,65,112.41,112.26,0.15,NA,103.41,NA,NA,93.76,NA,0.67,,,208.33,,,0.47,,,193.2,,,1.46,,
16,7,16.07,TD,D 113,42_01:486681,2,15,80,80,124,112.26,11.73,113.41,103.41,10,117.58,93.76,23.82,1,,,150.83,,,0.63,,,72.3,,,1.53,,
16,8,16.08,TD,D 109,39_06:486671,2,13,80,80,106.89,112.26,-5.37,103.52,103.41,0.12,88.62,93.76,-5.14,3,,,190.5,,,0.83,,,25.3,,,1.95,,
16,9,16.09,T,Positive,6_03:486512,2,10,128,128,143.74,112.26,31.48,110.65,103.41,7.24,97.78,93.76,4.01,11.33,,,324,,,0.84,,,5.4,,,1.87,,
16,10,16.1,TD,D 67,47_04:486708,2,5,85,92,118.65,112.26,6.39,94.95,103.41,-8.46,NA,93.76,NA,0,,,169.5,,,NA,,,NA,,,NA,,
16,11,16.11,TD,D 116,37_04:486657,2,9,80,80,112.39,112.26,0.13,NA,103.41,NA,90.67,93.76,-3.1,3.33,,,357.5,,,0.98,,,49.9,,,1.85,,
16,12,16.12,TD,D 63,29_03:486620,2,12,80,80,79.91,112.26,-32.35,76.98,103.41,-26.42,76.37,93.76,-17.39,1,,,192.5,,,0.6,,,56.2,,,1.86,,
17,1,17.01,TB,B 75,17_01:486568,1,13,80,85,137.75,111.16,26.59,92.68,102.61,-9.93,104.39,92.93,11.46,2.67,,,193.67,,,1.07,,,6.1,,,2.4,,
17,2,17.02,TB,B 22,17_02:486569,1,3,85,85,NA,NA,NA,103.49,102.61,0.88,NA,92.93,NA,1,,,294,,,1.53,,,2.6,,,1.91,,
17,3,17.03,T,Positive,6_03:486512,1,11,122,122,98.34,111.16,-12.83,87.75,102.61,-14.86,80.62,92.93,-12.3,9.33,,,568.17,,,0.845,,,17.7,,,2.48,,
17,4,17.04,N,Negative,14_05:486557,1,15,58,65,103.92,111.16,-7.25,NA,102.61,NA,NA,92.93,NA,0.67,,,194.5,,,0.49,,,195.4,,,1.28,,
17,5,17.05,TB,B 67,17_05a:486570,1,10,80,85,124.29,111.16,13.13,100.36,102.61,-2.25,81.83,92.93,-11.1,1,,,130.83,,,0.8,,,20,,,1.84,,
17,6,17.06,T,Positive,6_03:486512,1,12,114,122,106.62,111.16,-4.55,97.92,102.61,-4.69,96.82,92.93,3.89,12,,,503.5,,,0.96,,,3.5,,,2,,
17,7,17.07,TD,D 26,29_04:486621,2,5,80,80,129.59,111.16,18.43,NA,102.61,NA,96.58,92.93,3.66,3.67,,,209,,,1.45,,,15.7,,,2.46,,
17,8,17.08,TD,D 39,36_06:486654,2,15,80,80,123.89,111.16,12.72,114.34,102.61,11.73,109.73,92.93,16.81,1.33,,,173.5,,,0.71,,,59.4,,,1.5,,
17,9,17.09,TD,D 16,30_02a:486623,2,13,80,80,103.74,111.16,-7.43,103.98,102.61,1.37,98.6,92.93,5.67,2.33,,,265.17,,,0.78,,,8.3,,,2.25,,
17,10,17.1,TD,D 66,30_05:486625,2,11,73,73,122.41,111.16,11.24,117.19,102.61,14.59,95.07,92.93,2.14,1.67,,,176.5,,,1.12,,,14.5,,,1.84,,
17,11,17.11,N,Negative,14_05:486557,2,15,58,65,94.65,111.16,-16.52,NA,102.61,NA,NA,92.93,NA,0.67,,,178.67,,,0.39,,,83.7,,,1.79,,
17,12,17.12,TD,D 10,39_03:486668,2,9,85,92,71.86,111.16,-39.3,83,102.61,-19.61,76,92.93,-16.93,2,,,230.83,,,0.92,,,8.2,,,1.95,,
18,1,18.01,TB,B 17,18_01:486571,1,12,80,85,109.1,110.06,-0.97,86.22,101.8,-15.58,81.6,92.09,-10.5,2,,,132.83,,,1.2,,,NA,,,NA,,
18,2,18.02,TB,B 06,18_02a:486572,1,14,85,85,91.2,110.06,-18.87,81.92,101.8,-19.88,69.95,92.09,-22.14,1.67,,,186.33,,,0.75,,,13.3,,,2.08,,
18,3,18.03,TB,B 05,18_03a:486573,1,12,80,80,98.47,110.06,-11.6,95.51,101.8,-6.29,74.38,92.09,-17.72,3.33,,,137.17,,,0.84,,,21.9,,,2.24,,
18,4,18.04,TB,B 55,18_04:486574,1,7,80,85,128.05,110.06,17.99,91.09,101.8,-10.71,64.79,92.09,-27.3,3,,,166.83,,,1.52,,,NA,,,NA,,
18,5,18.05,TB,B 51,18_05:486575,1,15,80,85,93.68,110.06,-16.39,72.03,101.8,-29.78,79.02,92.09,-13.08,2.33,,,190.17,,,0.92,,,37.9,,,1.91,,
18,6,18.06,TC,C 16,NA,1,1,NA,NA,NA,NA,NA,NA,101.8,NA,NA,92.09,NA,NA,,,NA,,,NA,,,NA,,,NA,,
18,7,18.07,TD,D 20,31_02:486628,2,13,80,85,108.05,110.06,-2.02,96.48,101.8,-5.32,98.24,92.09,6.15,2,,,257.17,,,1.03,,,18.1,,,2.21,,
18,8,18.08,TD,D 23,42_02a:486682,2,8,73,80,154.07,110.06,44.01,133.07,101.8,31.27,95.87,92.09,3.78,2.33,,,235.83,,,1.01,,,84.9,,,1.84,,
18,9,18.09,TD,D 47,48_01:486710,2,13,80,85,150.75,110.06,40.69,142.1,101.8,40.3,73.51,92.09,-18.58,3,,,217.17,,,1.13,,,NA,,,NA,,
18,10,18.1,TD,D 18,25_02:486598,2,10,85,85,88.16,110.06,-21.9,85.01,101.8,-16.79,65.18,92.09,-26.91,1.67,,,226.5,,,1.11,,,11.6,,,2.14,,
18,11,18.11,TD,D 29,38_04:486664,2,10,92,92,98.09,110.06,-11.97,95.18,101.8,-6.63,92.7,92.09,0.61,1,,,158.5,,,0.69,,,5.6,,,2.29,,
18,12,18.12,TD,D 59,33_02:486638,2,8,80,85,73.48,110.06,-36.59,74.51,101.8,-27.29,77.13,92.09,-14.97,3.33,,,238.84,,,0.85,,,31,,,1.76,,
19,1,19.01,TC,C 11,NA,1,0,NA,NA,NA,NA,NA,NA,101,NA,NA,91.26,NA,NA,,,NA,,,NA,,,NA,,,NA,,
19,2,19.02,TC,C 07,NA,1,0,NA,NA,NA,NA,NA,NA,101,NA,NA,91.26,NA,NA,,,NA,,,NA,,,NA,,,NA,,
19,3,19.03,N,Negative,14_05:486557,1,15,58,65,82.9,108.96,-26.07,NA,101,NA,NA,91.26,NA,1,,,201.33,,,0.7,,,140.7,,,1.5,,
19,4,19.04,TC,C 04,NA,1,1,NA,NA,NA,NA,NA,NA,101,NA,NA,91.26,NA,NA,,,NA,,,NA,,,NA,,,NA,,
19,5,19.05,TC,C 30,19_05:486576,1,6,142,142,135.75,108.96,26.79,116.42,101,15.42,98.11,91.26,6.85,7,,,235.67,,,1.31,,,0.5,,,2.74,,
19,6,19.06,TC,C 13,19_06:486577,1,1,142,142,NA,NA,NA,NA,101,NA,71.06,91.26,-20.19,7,,,190,,,1.4,,,NA,,,NA,,
19,7,19.07,TD,D 02,44_02:486692,2,10,80,80,130.48,108.96,21.51,110.97,101,9.97,103.99,91.26,12.73,1,,,216.83,,,1.13,,,52.3,,,1.76,,
19,8,19.08,T,Positive,6_03:486512,2,14,122,122,123.05,108.96,14.09,137.45,101,36.45,100.77,91.26,9.52,--,,,NA,,,NA,,,NA,,,NA,,
19,9,19.09,TD,D 41,25_03:486599,2,0,NA,NA,NA,NA,NA,NA,101,NA,NA,91.26,NA,NA,,,NA,,,NA,,,NA,,,NA,,
19,10,19.1,TD,D 28,30_06:486626,2,5,73,80,101.73,108.96,-7.23,97.33,101,-3.67,94.99,91.26,3.74,1,,,195.33,,,0.97,,,33,,,2.05,,
19,11,19.11,TD,D 74,34_02:486641,2,13,85,92,98.77,108.96,-10.2,104.14,101,3.14,94.13,91.26,2.87,1.67,,,222.67,,,0.8,,,48,,,1.98,,
19,12,19.12,TD,D 112,28_03:486613,2,15,80,80,86.04,108.96,-22.92,89.99,101,-11.02,92.7,91.26,1.44,1.67,,,170.83,,,0.72,,,46.5,,,1.67,,
20,1,20.01,TC,C 33,20_01:486578,1,5,NA,NA,114.58,107.86,6.72,NA,100.2,NA,113.87,90.42,23.45,NA,,,NA,,,NA,,,NA,,,NA,,
20,2,20.02,TC,C 18,20_02a:486579,1,2,149,149,79.64,107.86,-28.23,93.38,100.2,-6.82,102.6,90.42,12.18,10,,,229,,,1.63,,,NA,,,NA,,
20,3,20.03,TC,C 21,20_03:486580,1,2,142,149,NA,NA,NA,NA,100.2,NA,72.95,90.42,-17.47,12,,,199.5,,,1.76,,,NA,,,NA,,
20,4,20.04,TC,C 19,20_04:486581,1,8,128,135,140.52,107.86,32.66,NA,100.2,NA,104.84,90.42,14.42,7.33,,,174,,,1.61,,,2.1,,,2.22,,
20,5,20.05,T,Positive,6_03:486512,1,12,128,128,88.21,107.86,-19.65,66.61,100.2,-33.59,78.35,90.42,-12.07,9.33,,,465.67,,,1.3,,,0.2,,,2.22,,
20,6,20.06,TC,C 29,20_06:486582,1,8,142,149,129.24,107.86,21.38,129.28,100.2,29.08,120.06,90.42,29.64,12.67,,,222.67,,,1.45,,,0.8,,,2.64,,
20,7,20.07,TD,D 14,37_03:486656,2,14,80,85,115.47,107.86,7.61,121.94,100.2,21.74,107.96,90.42,17.54,1.33,,,195.67,,,1.43,,,9.9,,,2,,
20,8,20.08,TD,D 104,25_06:486601,2,13,80,80,126.35,107.86,18.48,99.29,100.2,-0.91,104.1,90.42,13.68,1,,,196.83,,,0.87,,,52.9,,,1.96,,
20,9,20.09,N,Negative,14_05:486557,2,15,58,65,123.29,107.86,15.43,NA,100.2,NA,NA,90.42,NA,1,,,224.5,,,0.55,,,181.1,,,1.565,,
20,10,20.1,TD,D 35,43_06:486690,2,4,80,80,85.77,107.86,-22.09,80.4,100.2,-19.8,81.82,90.42,-8.6,2.33,,,281.67,,,1.09,,,0.7,,,2.43,,
20,11,20.11,TD,D 73,35_04:486648,2,11,80,85,114.59,107.86,6.73,99.99,100.2,-0.21,94.11,90.42,3.69,x,,,162.33,,,1.14,,,8.5,,,2.03,,
20,12,20.12,TD,D 38,26_05:486605,2,14,80,80,99.22,107.86,-8.65,101.44,100.2,1.24,87.13,90.42,-3.29,2.67,,,175.17,,,0.88,,,45.2,,,1.94,,
21,1,21.01,N,Negative,14_05:486557,1,15,58,65,59.97,106.76,-46.8,NA,99.4,NA,NA,89.59,NA,1.33,,,166.67,,,0.92,,,109.4,,,1.73,,
21,2,21.02,TC,C 23,21_02a:486583,1,2,142,142,NA,NA,NA,NA,99.4,NA,144.31,89.59,54.73,3,,,129.75,,,1.78,,,NA,,,NA,,
21,3,21.03,TC,C 22,NA,1,0,NA,NA,NA,NA,NA,NA,99.4,NA,NA,89.59,NA,NA,,,NA,,,NA,,,NA,,,NA,,
21,4,21.04,TC,C 08,21_04:486584,1,4,135,135,NA,NA,NA,NA,99.4,NA,112.6,89.59,23.01,6.33,,,220.33,,,1.74,,,NA,,,NA,,
21,5,21.05,TC,C 35,21_05:486585,1,11,142,149,138.65,106.76,31.89,123.46,99.4,24.06,126.33,89.59,36.75,8,,,117.17,,,1.67,,,0.8,,,2.64,,
21,6,21.06,T,Totontepec,6_03:486512,1,11,122,128,92.13,106.76,-14.64,105.67,99.4,6.27,97.08,89.59,7.49,5,,,278.5,,,1.48,,,NA,,,NA,,
21,7,21.07,TD,D 100,43_03:486688,2,12,80,85,127.03,106.76,20.27,125.51,99.4,26.11,113.66,89.59,24.07,2,,,202.83,,,1.51,,,7.1,,,2.52,,
21,8,21.08,TD,D 40,29_02a:486619,2,2,100,100,146.1,106.76,39.34,93.12,99.4,-6.28,85.57,89.59,-4.01,1,,,117.25,,,1.38,,,0.4,,,2.12,,
21,9,21.09,TD,D 24,33_05:486639,2,14,80,80,141.37,106.76,34.6,125.26,99.4,25.86,107.44,89.59,17.86,2.33,,,233.67,,,1.01,,,38.1,,,2.36,,
21,10,21.1,T,Positive,6_03:486512,2,14,114,122,142.32,106.76,35.55,122.54,99.4,23.14,121.35,89.59,31.76,8,,,536.17,,,1.135,,,1.1,,,1.61,,
21,11,21.11,N,Negative,14_05:486557,2,14,58,65,137.98,106.76,31.22,NA,99.4,NA,NA,89.59,NA,1.33,,,219.67,,,0.5,,,129,,,2.13,,
21,12,21.12,TD,D 98,41_02:486678,2,5,85,85,142.12,106.76,35.35,NA,99.4,NA,69.29,89.59,-20.29,1.67,,,125.17,,,1.01,,,NA,,,NA,,
22,1,22.01,TC,C 25,22_01:486587,1,4,149,149,73.12,105.66,-32.55,115.14,98.6,16.54,91.74,88.75,2.99,4,,,111.5,,,2.21,,,NA,,,NA,,
22,2,22.02,TC,C 10,22_02:486588,1,4,135,135,172.55,105.66,66.89,NA,98.6,NA,113.6,88.75,24.85,8,,,208.75,,,1.53,,,NA,,,NA,,
22,3,22.03,C,PH207,22_03:486589,1,13,58,65,114.27,105.66,8.6,NA,98.6,NA,NA,88.75,NA,1,,,90,,,1.1,,,29.7,,,2.19,,
22,4,22.04,TC,C 26,22_04:486590,1,3,128,135,143.33,105.66,37.67,122.61,98.6,24.02,120.72,88.75,31.97,10,,,275,,,1.66,,,NA,,,NA,,
22,5,22.05,T,Positive,6_03:486512,1,11,122,122,101.55,105.66,-4.11,97.02,98.6,-1.58,88.63,88.75,-0.12,6,,,274.83,,,1.6,,,NA,,,NA,,
22,6,22.06,TC,C 05,22_06:486591,1,5,128,128,137.16,105.66,31.5,131.75,98.6,33.15,94.36,88.75,5.61,4.33,,,297.67,,,1.435,,,NA,,,NA,,
22,7,22.07,TD,D 12,38_05:486665,2,14,92,92,123.71,105.66,18.05,120.23,98.6,21.63,113.07,88.75,24.32,5.33,,,257.33,,,1.46,,,4.6,,,2.17,,
22,8,22.08,T,Totontepec,6_03:486512,2,13,122,128,85.35,105.66,-20.31,97.64,98.6,-0.95,94.56,88.75,5.81,7,,,389,,,1.215,,,4.7,,,2.29,,
22,9,22.09,TD,D 110,31_01:486627,2,13,80,85,140.68,105.66,35.01,122.44,98.6,23.85,129.96,88.75,41.21,3.33,,,231.5,,,1.39,,,10.9,,,2.3,,
22,10,22.1,TD,D 44,36_04:486652,2,13,73,80,110.27,105.66,4.6,116.64,98.6,18.05,99.71,88.75,10.96,2.33,,,225.67,,,0.76,,,68.8,,,1.6,,
22,11,22.11,TD,D 107,44_05:486695,2,14,80,85,130.3,105.66,24.63,141.61,98.6,43.01,115.49,88.75,26.74,3,,,196.67,,,0.95,,,NA,,,NA,,
22,12,22.12,TD,D 69,31_06a:486632,2,10,80,85,107.07,105.66,1.4,94.76,98.6,-3.84,85.63,88.75,-3.12,3,,,87.5,,,1.09,,,NA,,,NA,,
23,1,23.01,TC,C 34,23_01:486592,1,5,128,128,125.95,104.57,21.39,107.02,97.8,9.23,91.76,87.91,3.85,6,,,190,,,1.52,,,NA,,,NA,,
23,2,23.02,TC,C 24,NA,1,2,NA,NA,144.8,104.57,40.24,NA,97.8,NA,NA,87.91,NA,NA,,,NA,,,NA,,,NA,,,NA,,
23,3,23.03,TC,C 01,23_03:486593,1,4,128,135,93.67,104.57,-10.89,90.98,97.8,-6.82,63.74,87.91,-24.17,10,,,486.5,,,1.62,,,NA,,,NA,,
23,4,23.04,TC,C 17,NA,1,0,NA,NA,NA,NA,NA,NA,97.8,NA,NA,87.91,NA,NA,,,NA,,,NA,,,NA,,,NA,,
23,5,23.05,TC,C 15,NA,1,2,NA,NA,NA,NA,NA,NA,97.8,NA,NA,87.91,NA,NA,,,NA,,,NA,,,NA,,,NA,,
23,6,23.06,N,Negative,14_05:486557,1,14,58,65,79.19,104.57,-25.38,NA,97.8,NA,NA,87.91,NA,1.33,,,204.67,,,0.75,,,179.3,,,1.59,,
23,7,23.07,TD,D 45,48_03:486712,2,15,85,92,122.42,104.57,17.86,110.76,97.8,12.96,102.42,87.91,14.5,1.33,,,160.83,,,1.34,,,10.6,,,2.81,,
23,8,23.08,TD,D 09,44_01:486691,2,12,80,80,120,104.57,15.44,114.5,97.8,16.71,119.06,87.91,31.14,3.33,,,190.83,,,1.09,,,12.3,,,2.06,,
23,9,23.09,TD,D 99,35_01:486645,2,12,80,85,126.45,104.57,21.89,116.22,97.8,18.42,115.05,87.91,27.14,1,,,171,,,0.9,,,51.7,,,2.25,,
23,10,23.1,TD,D 68,43_05:486689,2,14,73,80,124.72,104.57,20.15,104.22,97.8,6.42,96.44,87.91,8.53,2,,,182.83,,,0.98,,,76,,,2.15,,
23,11,23.11,T,Positive,6_03:486512,2,14,114,122,128.75,104.57,24.19,115.82,97.8,18.03,92.95,87.91,5.04,9.67,,,515.17,,,0.955,,,15.1,,,1.81,,
23,12,23.12,TD,D 06,45_02:486697,2,9,80,80,96.63,104.57,-7.93,109.17,97.8,11.37,99.34,87.91,11.43,4,,,200.83,,,0.89,,,NA,,,NA,,
24,1,24.01,TC,C 28,NA,1,0,NA,NA,NA,NA,NA,NA,96.99,NA,NA,87.08,NA,NA,,,NA,,,NA,,,NA,,,NA,,
24,2,24.02,TC,C 06,24_02a:486594,1,2,135,135,NA,NA,NA,NA,96.99,NA,87.04,87.08,-0.03,5.5,,,189.5,,,1.81,,,NA,,,NA,,
24,3,24.03,TC,C 12,NA,1,1,NA,NA,NA,NA,NA,NA,96.99,NA,NA,87.08,NA,NA,,,NA,,,NA,,,NA,,,NA,,
24,4,24.04,TC,C 03,24_04:486595,1,10,142,142,100.73,103.47,-2.74,NA,96.99,NA,100.71,87.08,13.63,5,,,173,,,1.65,,,NA,,,NA,,
24,5,24.05,TC,C 02,24_05:486596,1,5,142,142,NA,NA,NA,NA,96.99,NA,77.68,87.08,-9.4,8.67,,,120.67,,,1.73,,,2.1,,,1.97,,
24,6,24.06,T,Positive,6_03:486512,1,11,135,135,62.54,103.47,-40.93,73.41,96.99,-23.59,70.8,87.08,-16.28,7.67,,,277.33,,,1.55,,,NA,,,NA,,
24,7,24.07,TD,D 65,29_06:486618,2,14,80,80,75.82,103.47,-27.64,69.67,96.99,-27.32,63.29,87.08,-23.79,1,,,118,,,1.27,,,8.1,,,2.07,,
24,8,24.08,TD,D 84,28_01:486611,2,13,80,80,85.91,103.47,-17.56,79.83,96.99,-17.17,71.35,87.08,-15.72,2,,,222.17,,,1.09,,,15.1,,,2.3,,
24,9,24.09,N,Negative,14_05:486557,2,15,58,65,73.56,103.47,-29.91,NA,96.99,NA,NA,87.08,NA,0.67,,,226.33,,,0.64,,,206.2,,,1.98,,
24,10,24.1,TD,D 08,36_02:486650,2,15,73,80,88.13,103.47,-15.33,79.68,96.99,-17.32,64.59,87.08,-22.49,0.67,,,142.5,,,0.98,,,68.3,,,1.93,,
24,11,24.11,TD,D 50,47_05:486709,2,9,85,92,95.34,103.47,-8.13,90.04,96.99,-6.95,76.28,87.08,-10.79,3.33,,,149.83,,,0.98,,,16.6,,,1.61,,
24,12,24.12,TD,D 57,38_02:486662,2,7,85,85,91.54,103.47,-11.92,64.5,96.99,-32.5,57.8,87.08,-29.27,4,,,235.83,,,0.98,,,16.2,,,2.1,,
25,1,25.01,TD,D 115,25_01a:486597,1,7,80,85,90.49,102.37,-11.87,100.98,96.19,4.79,89.77,86.24,3.53,3.33,,,164.83,,,1.91,,,0.9,,,2.06,,
25,2,25.02,TD,D 18,25_02:486598,1,14,80,80,107.07,102.37,4.71,95.1,96.19,-1.09,97.05,86.24,10.8,1,,,148.67,,,1.635,,,NA,,,NA,,
25,3,25.03,TD,D 41,25_03:486599,1,4,92,92,104.69,102.37,2.32,91.19,96.19,-5,80.32,86.24,-5.92,8,,,181,,,1.47,,,0.3,,,2.36,,
25,4,25.04,TD,D 22,25_04:486600,1,9,80,85,115.84,102.37,13.48,109.77,96.19,13.58,88.11,86.24,1.87,2.67,,,192.5,,,1.62,,,NA,,,NA,,
25,5,25.05,T,Positive,6_03:486512,1,14,135,135,75.02,102.37,-27.35,79.97,96.19,-16.22,75.62,86.24,-10.62,5,,,224.5,,,1.63,,,0.6,,,2.46,,
25,6,25.06,TD,D 104,25_06:486601,1,14,80,80,98.39,102.37,-3.97,99.87,96.19,3.68,86.52,86.24,0.28,1.67,,,165.5,,,1.52,,,15.1,,,2.88,,
25,7,25.07,TD,D 111,36_03:486651,2,10,80,80,114.16,102.37,11.79,102.94,96.19,6.75,105.46,86.24,19.22,1.67,,,166.5,,,1.68,,,NA,,,NA,,
25,8,25.08,TD,D 56,48_02:486711,2,13,73,80,115.53,102.37,13.16,110.07,96.19,13.87,108.81,86.24,22.56,1.33,,,192,,,0.95,,,71.6,,,1.65,,
25,9,25.09,N,Negative,14_05:486557,2,15,58,65,122.07,102.37,19.71,NA,96.19,NA,NA,86.24,NA,0.67,,,219.17,,,0.67,,,220.5,,,2.36,,
25,10,25.1,TD,D 75,40_03:486673,2,12,80,85,117.88,102.37,15.51,103.47,96.19,7.28,107.29,86.24,21.05,3.67,,,250.83,,,1.12,,,5.2,,,2.17,,
25,11,25.11,TD,D 52,41_01:486677,2,14,100,100,143.16,102.37,40.8,134.2,96.19,38,119.48,86.24,33.23,3.67,,,258.83,,,1.24,,,14.1,,,2.5,,
25,12,25.12,TD,D 101,27_04:486609,2,8,80,80,90,102.37,-12.36,99.86,96.19,3.67,89.19,86.24,2.94,4,,,203.5,,,1.1,,,24.6,,,2.13,,
26,1,26.01,TD,D 103,26_01a:486602,1,6,80,85,84.85,101.27,-16.41,68.4,95.39,-26.99,64.46,85.41,-20.95,3.33,,,209,,,1.59,,,NA,,,NA,,
26,2,26.02,TD,D 19,26_02:486603,1,13,80,80,89.96,101.27,-11.3,92.12,95.39,-3.27,75.95,85.41,-9.46,2,,,153.5,,,1.23,,,0.3,,,2.41,,
26,3,26.03,N,Negative,14_05:486557,1,15,58,65,51.95,101.27,-49.32,NA,95.39,NA,NA,85.41,NA,0.67,,,169.17,,,0.73,,,133.1,,,1.885,,
26,4,26.04,TD,D 01,26_04:486604,1,6,73,80,121.35,101.27,20.09,106.18,95.39,10.79,87.76,85.41,2.35,3.67,,,129.67,,,1.97,,,18,,,2.115,,
26,5,26.05,TD,D 38,26_05:486605,1,14,80,80,78.96,101.27,-22.3,77.03,95.39,-18.36,74.53,85.41,-10.88,1.33,,,94.5,,,1.72,,,NA,,,NA,,
26,6,26.06,TD,D 54,26_06:486606,1,12,85,85,82.56,101.27,-18.7,83.98,95.39,-11.41,77.87,85.41,-7.54,1.67,,,163.83,,,1.59,,,NA,,,NA,,
26,7,26.07,T,Positive,6_03:486512,2,14,128,135,69.59,101.27,-31.67,59.2,95.39,-36.19,60.99,85.41,-24.41,7,,,282.17,,,1.29,,,0.8,,,2.52,,
26,8,26.08,TD,D 34,48_06:486715,2,13,92,92,86.2,101.27,-15.07,76.25,95.39,-19.14,82.29,85.41,-3.12,2.33,,,228.33,,,1.34,,,NA,,,NA,,
26,9,26.09,TD,D 04,39_02:486667,2,11,85,92,81.37,101.27,-19.89,71.34,95.39,-24.05,75.82,85.41,-9.59,4.33,,,240,,,1.36,,,10.9,,,2.32,,
26,10,26.1,TD,D 95,39_05a:486670,2,10,80,80,84.72,101.27,-16.55,80.54,95.39,-14.85,74.57,85.41,-10.84,4.67,,,247.67,,,1.39,,,3.4,,,2.36,,
26,11,26.11,TD,D 70,48_05:486714,2,15,80,85,74.05,101.27,-27.21,79.21,95.39,-16.18,62.29,85.41,-23.12,3,,,291.5,,,0.73,,,18.8,,,2.29,,
26,12,26.12,TD,D 30,32_03a:486635,2,2,92,92,NA,NA,NA,NA,95.39,NA,64.48,85.41,-20.93,3.5,,,258.75,,,0.98,,,11.5,,,1.93,,
27,1,27.01,TD,D 92,27_01:486607,1,12,100,107,126.03,100.17,25.86,117.04,94.59,22.46,110.24,84.57,25.67,2.33,,,145.17,,,1.27,,,NA,,,NA,,
27,2,27.02,TD,D 60,27_02:486608,1,10,100,107,123.71,100.17,23.54,97.9,94.59,3.32,94.22,84.57,9.65,2.67,,,88.83,,,1.36,,,NA,,,NA,,
27,3,27.03,T,Positive,6_03:486512,1,15,135,135,97.23,100.17,-2.94,100.61,94.59,6.02,91.03,84.57,6.45,5.33,,,234.5,,,1.75,,,1,,,2.12,,
27,4,27.04,TD,D 101,27_04:486609,1,10,85,92,107.27,100.17,7.1,112.99,94.59,18.4,103.62,84.57,19.04,1.67,,,146.83,,,1.53,,,NA,,,NA,,
27,5,27.05,N,Negative,14_05:486557,1,15,58,65,85.2,100.17,-14.96,NA,94.59,NA,NA,84.57,NA,0.67,,,181,,,0.68,,,135.2,,,1.54,,
27,6,27.06,TD,D 88,27_06:486610,1,10,80,85,144.99,100.17,44.83,121.48,94.59,26.89,108.42,84.57,23.85,4,,,256,,,1.47,,,1.9,,,2.73,,
27,7,27.07,T,Positive,6_03:486512,2,13,128,135,100.02,100.17,-0.14,91.57,94.59,-3.01,87.77,84.57,3.2,4.67,,,255.5,,,1.29,,,0.6,,,2.39,,
27,8,27.08,TF,F 36,57_06:486761,2,10,85,92,133.13,100.17,32.96,116.96,94.59,22.38,107.28,84.57,22.71,3.33,,,220,,,1.43,,,NA,,,NA,,
27,9,27.09,TF,F 52,61_01:486777,2,12,80,85,123.43,100.17,23.26,108.17,94.59,13.58,98.92,84.57,14.35,4.67,,,199,,,1.09,,,NA,,,NA,,
27,10,27.1,TF,F 57,55_04:486749,2,9,80,85,126.42,100.17,26.26,100.8,94.59,6.21,86.54,84.57,1.97,4,,,246.83,,,1.01,,,28.9,,,2.26,,
27,11,27.11,TF,F 23,50_04:486725,2,11,80,85,115.64,100.17,15.48,107.42,94.59,12.83,99.79,84.57,15.22,2.33,,,237.83,,,1.13,,,NA,,,NA,,
27,12,27.12,N,Negative,14_05:486557,2,14,58,65,111.83,100.17,11.67,NA,94.59,NA,NA,84.57,NA,1,,,239.17,,,0.54,,,155.2,,,1.53,,
28,1,28.01,TD,D 84,28_01:486611,1,13,85,85,86.2,99.07,-12.87,82.85,93.79,-10.93,76.14,83.74,-7.6,1,,,156,,,1.42,,,2.2,,,2.42,,
28,2,28.02,TD,D 07,28_02:486612,1,7,85,85,80.03,99.07,-19.03,88.69,93.79,-5.1,71.17,83.74,-12.57,1.67,,,140.83,,,1.7,,,NA,,,NA,,
28,3,28.03,TD,D 112,28_03:486613,1,13,80,80,70.82,99.07,-28.25,64.62,93.79,-29.16,64.91,83.74,-18.83,2,,,147.33,,,1.49,,,23.7,,,2.31,,
28,4,28.04,TD,D 33,28_04:486614,1,12,73,73,80.28,99.07,-18.79,68.1,93.79,-25.68,64.07,83.74,-19.67,0.33,,,132.67,,,1.28,,,37.6,,,2.21,,
28,5,28.05,TD,D 85,28_05:486615,1,12,80,85,82.45,99.07,-16.62,73.89,93.79,-19.9,80.43,83.74,-3.31,2,,,142.33,,,1.59,,,12.1,,,2.24,,
28,6,28.06,N,Negative,14_05:486557,1,14,58,65,55.68,99.07,-43.38,NA,93.79,NA,NA,83.74,NA,1,,,194.5,,,0.7,,,209.7,,,1.51,,
28,7,28.07,TF,F 40,55_06:486751,2,10,85,85,83.18,99.07,-15.88,77.81,93.79,-15.97,69.76,83.74,-13.98,2.33,,,132.5,,,1.58,,,NA,,,NA,,
28,8,28.08,TF,F 18,55_02:486748,2,7,85,92,90.21,99.07,-8.86,75.87,93.79,-17.91,71.6,83.74,-12.14,3,,,202.17,,,1.25,,,NA,,,NA,,
28,9,28.09,TF,F 35,58_06a:486766,2,9,80,85,66.29,99.07,-32.78,63.32,93.79,-30.47,59.27,83.74,-24.47,2.33,,,205,,,1.35,,,0.5,,,2.36,,
28,10,28.1,TF,F 07,60_05:486775,2,9,80,85,76.52,99.07,-22.54,90.61,93.79,-3.17,62.8,83.74,-20.93,3,,,147.33,,,1.42,,,NA,,,NA,,
28,11,28.11,T,Positive,6_03:486512,2,15,122,128,80.22,99.07,-18.85,79.03,93.79,-14.76,60.42,83.74,-23.32,6.67,,,355,,,1.005,,,NA,,,NA,,
28,12,28.12,TF,F 33,50_06:486726,2,13,80,85,67.34,99.07,-31.73,69.08,93.79,-24.7,61.37,83.74,-22.36,3,,,215.67,,,0.96,,,2,,,2.29,,
29,1,29.01,TD,D 03,29_01:486616,1,14,73,80,149.3,97.97,51.33,129.07,92.98,36.08,115.42,82.9,32.51,2.67,,,169.67,,,1.42,,,4.1,,,2.21,,
29,2,29.02,TD,D 40,29_02a:486619,1,1,80,80,148.97,97.97,51,NA,92.98,NA,131.63,82.9,48.73,5.5,,,286.75,,,1.47,,,3.8,,,2.66,,
29,3,29.03,TD,D 63,29_03:486620,1,14,80,80,120.3,97.97,22.33,114.89,92.98,21.91,89.5,82.9,6.6,2.67,,,187.67,,,1.34,,,6.8,,,2.23,,
29,4,29.04,TD,D 26,29_04:486621,1,13,85,85,118.89,97.97,20.93,114.98,92.98,22,111.81,82.9,28.91,3.67,,,190.17,,,1.64,,,NA,,,NA,,
29,5,29.05,TD,D 05,29_05:486617,1,13,80,80,112.19,97.97,14.23,103.05,92.98,10.07,96.2,82.9,13.3,2,,,181,,,1.57,,,10.7,,,2.86,,
29,6,29.06,TD,D 65,29_06:486618,1,14,73,80,96.11,97.97,-1.86,80.02,92.98,-12.96,70.76,82.9,-12.14,2.67,,,245.67,,,1.28,,,49.4,,,2,,
29,7,29.07,TF,F 44,51_01:486727,2,12,92,100,119.34,97.97,21.37,106.82,92.98,13.84,100.76,82.9,17.86,4,,,179,,,1.31,,,NA,,,NA,,
29,8,29.08,TF,F 16,53_04:486739,2,11,73,80,125.72,97.97,27.75,116.71,92.98,23.73,103.28,82.9,20.38,2.33,,,203.67,,,1.24,,,9.2,,,2.11,,
29,9,29.09,TF,F 09,49_03:486718,2,7,100,100,162.85,97.97,64.88,139.74,92.98,46.76,116.13,82.9,33.23,2,,,146.83,,,1.24,,,NA,,,NA,,
29,10,29.1,TF,F 28,54_02:486743,2,10,80,85,123.04,97.97,25.07,87.68,92.98,-5.3,83.22,82.9,0.31,2.67,,,206.83,,,1.27,,,21.9,,,2.05,,
29,11,29.11,TF,F 45,54_01:486742,2,9,80,85,126.09,97.97,28.12,117.58,92.98,24.59,102.01,82.9,19.11,2.33,,,258.17,,,1.21,,,4.9,,,2.7,,
29,12,29.12,T,Positive,6_03:486512,2,10,114,122,84.89,97.97,-13.08,72.76,92.98,-20.22,65.65,82.9,-17.25,9.33,,,527.17,,,1.385,,,NA,,,NA,,
30,1,30.01,TD,D 105,30_01a:486622,1,11,100,100,72.81,96.87,-24.05,71.93,92.18,-20.25,59.15,82.07,-22.91,2.33,,,349.67,,,1.12,,,33.2,,,2.15,,
30,2,30.02,TD,D 16,30_02a:486623,1,12,80,80,80.8,96.87,-16.06,92.71,92.18,0.53,77.41,82.07,-4.66,2.33,,,209.67,,,1.44,,,NA,,,NA,,
30,3,30.03,TD,D 78,30_03:486624,1,9,80,80,98.26,96.87,1.39,94.6,92.18,2.42,87.43,82.07,5.36,3,,,217.17,,,1.63,,,1.1,,,2.57,,
30,4,30.04,T,Positive,6_03:486512,1,14,128,135,72.14,96.87,-24.73,62.55,92.18,-29.63,59.25,82.07,-22.81,5.33,,,297.33,,,1.67,,,6.8,,,2.165,,
30,5,30.05,TD,D 66,30_05:486625,1,13,80,85,70.11,96.87,-26.76,79.83,92.18,-12.36,73.8,82.07,-8.26,2.67,,,202.17,,,1.41,,,2.3,,,2.42,,
30,6,30.06,TD,D 28,30_06:486626,1,11,80,80,53.17,96.87,-43.7,60.22,92.18,-31.97,52.12,82.07,-29.95,2,,,162.5,,,1.26,,,40.8,,,2.08,,
30,7,30.07,TF,F 56,53_01:486736,2,14,92,92,65.55,96.87,-31.31,51.89,92.18,-40.29,44.28,82.07,-37.78,3.33,,,250.17,,,1.27,,,2.3,,,2.28,,
30,8,30.08,TF,F 24,55_01:486747,2,11,85,92,76.91,96.87,-19.96,79.24,92.18,-12.94,66.11,82.07,-15.95,2,,,236.67,,,0.96,,,NA,,,NA,,
30,9,30.09,TF,F 31,51_06:486731,2,9,85,92,84.96,96.87,-11.9,77.11,92.18,-15.07,69.17,82.07,-12.89,1.67,,,142.5,,,0.94,,,6.8,,,2.11,,
30,10,30.1,TF,F 06,54_05:486745,2,1,85,92,103.82,96.87,6.95,NA,92.18,NA,74.79,82.07,-7.27,3,,,240.5,,,1.35,,,1.5,,,2.39,,
30,11,30.11,TF,F 29,52_06:486735,2,4,85,92,100.21,96.87,3.34,98.08,92.18,5.9,69.63,82.07,-12.43,5,,,334.67,,,1.19,,,2.6,,,2.77,,
30,12,30.12,TF,F 50,60_02:486773,2,13,80,80,111.98,96.87,15.11,108.96,92.18,16.78,96.14,82.07,14.07,3,,,138.83,,,1.14,,,NA,,,NA,,
31,1,31.01,TD,D 110,31_01:486627,1,14,73,80,76.64,95.77,-19.13,74.6,91.38,-16.78,76.51,81.23,-4.72,3,,,181.83,,,1.53,,,6.2,,,2.32,,
31,2,31.02,TD,D 20,31_02:486628,1,14,80,85,102.06,95.77,6.29,98.83,91.38,7.45,92.2,81.23,10.97,1.33,,,146.67,,,1.34,,,41.2,,,2.24,,
31,3,31.03,TD,D 31,31_03:486629,1,15,85,85,90.67,95.77,-5.1,86.4,91.38,-4.98,78.38,81.23,-2.85,1,,,167.83,,,1.32,,,11.8,,,2.29,,
31,4,31.04,TD,D 32,31_04:486630,1,12,85,85,92.12,95.77,-3.65,102.25,91.38,10.87,89.67,81.23,8.44,0.67,,,169.33,,,1.17,,,15.5,,,2.37,,
31,5,31.05,TD,D 51,31_05:486631,1,15,80,85,73.37,95.77,-22.4,66.67,91.38,-24.71,73.99,81.23,-7.24,2.33,,,125.5,,,1.44,,,6.7,,,2.42,,
31,6,31.06,TD,D 69,31_06a:486632,1,9,92,92,94.96,95.77,-0.8,108.23,91.38,16.84,92.72,81.23,11.49,2.5,,,98.25,,,1.58,,,NA,,,NA,,
31,7,31.07,TF,F 03,56_04:486754,2,11,80,85,75.51,95.77,-20.26,71.83,91.38,-19.55,74.6,81.23,-6.63,1.33,,,136.67,,,1.58,,,NA,,,NA,,
31,8,31.08,T,Totontepec,6_03:486512,2,15,122,122,67.07,95.77,-28.7,82.27,91.38,-9.11,70.39,81.23,-10.84,8,,,467,,,1.415,,,21.2,,,2.1,,
31,9,31.09,TF,F 10,NA,2,13,80,85,99.64,95.77,3.87,84.54,91.38,-6.84,75.03,81.23,-6.2,3,,,187.67,,,1.33,,,0.2,,,2.35,,
31,10,31.1,N,Negative,14_05:486557,2,15,58,65,78.45,95.77,-17.31,NA,91.38,NA,NA,81.23,NA,1,,,203.5,,,0.64,,,223.7,,,1.54,,
31,11,31.11,TF,F 47,56_01:486752,2,9,92,100,88.79,95.77,-6.98,104.65,91.38,13.27,61.48,81.23,-19.75,2.67,,,328,,,1.22,,,NA,,,NA,,
31,12,31.12,TF,F 43,49_06:486721,2,11,80,80,78.76,95.77,-17,82.03,91.38,-9.35,66.21,81.23,-15.02,2,,,188.5,,,1,,,10.4,,,2.35,,
32,1,32.01,TD,D 118,32_01:486633,1,12,85,85,57.72,94.67,-36.95,40.74,90.58,-49.84,50.44,80.39,-29.96,1.67,,,188.33,,,1.92,,,NA,,,NA,,
32,2,32.02,TD,D 96,32_02:486634,1,15,85,85,64.24,94.67,-30.43,72.26,90.58,-18.32,59.48,80.39,-20.91,1,,,154.83,,,1.48,,,8.6,,,2.21,,
32,3,32.03,TD,D 30,32_03a:486635,1,4,92,92,89.13,94.67,-5.54,80.06,90.58,-10.52,91,80.39,10.61,3.33,,,141.33,,,1.73,,,NA,,,NA,,
32,4,32.04,TD,D 119,32_04:486636,1,8,85,85,102.38,94.67,7.72,93.86,90.58,3.28,82.72,80.39,2.33,4,,,226.83,,,1.38,,,10.6,,,2.31,,
32,5,32.05,N,Negative,14_05:486557,1,14,58,65,41.16,94.67,-53.5,NA,90.58,NA,NA,80.39,NA,0.67,,,189.33,,,0.91,,,182.9,,,1.75,,
32,6,32.06,T,Positive,6_03:486512,1,14,128,135,53.76,94.67,-40.91,63.08,90.58,-27.5,51.27,80.39,-29.13,8,,,234.33,,,1.52,,,NA,,,NA,,
32,7,32.07,TF,F 30,52_03:486733,2,14,80,80,70.59,94.67,-24.07,79,90.58,-11.58,67.91,80.39,-12.48,2.33,,,163.17,,,1.45,,,NA,,,NA,,
32,8,32.08,TF,F 01,60_06:486776,2,11,80,80,72.34,94.67,-22.33,67.78,90.58,-22.79,76.78,80.39,-3.61,1,,,182.67,,,1.51,,,9.5,,,2.22,,
32,9,32.09,TF,F 22,59_01:486767,2,12,80,85,76.39,94.67,-18.27,59.99,90.58,-30.59,65.46,80.39,-14.93,2,,,216.33,,,1.45,,,10.1,,,2.655,,
32,10,32.1,TF,F 08,54_04:486744,2,14,80,85,70.01,94.67,-24.66,59.45,90.58,-31.13,65.9,80.39,-14.49,2.67,,,234,,,1.35,,,0.2,,,2.76,,
32,11,32.11,TF,F 14,58_04:486764,2,14,92,92,84.03,94.67,-10.64,97.3,90.58,6.72,70.29,80.39,-10.11,2,,,198,,,1.2,,,8.1,,,2.02,,
32,12,32.12,N,Negative,14_05:486557,2,14,58,65,83.89,94.67,-10.77,NA,90.58,NA,NA,80.39,NA,1,,,237.5,,,0.6,,,231.8,,,1.66,,
33,1,33.01,TD,D 87,33_01a:486637,1,3,100,100,69.89,93.57,-23.67,82.61,89.78,-7.17,97.97,79.56,18.42,7,,,307.5,,,NA,,,NA,,,NA,,
33,2,33.02,TD,D 59,33_02:486638,1,10,85,85,89.28,93.57,-4.29,92.66,89.78,2.89,74.03,79.56,-5.53,4,,,290.67,,,1.34,,,21.4,,,2.02,,
33,3,33.03,TD,D 93,D93:486788,1,15,85,85,74.69,93.57,-18.87,68.17,89.78,-21.61,79.4,79.56,-0.16,3,,,192.67,,,1.12,,,3.5,,,2.15,,
33,4,33.04,N,Negative,14_05:486557,1,13,58,65,71.12,93.57,-22.45,NA,89.78,NA,NA,79.56,NA,1.33,,,183.67,,,0.68,,,168.4,,,1.55,,
33,5,33.05,TD,D 24,33_05:486639,1,14,80,80,98.86,93.57,5.3,90.96,89.78,1.18,73.33,79.56,-6.23,2.67,,,201.17,,,1.4,,,NA,,,NA,,
33,6,33.06,TD,D 114,33_06:486640,1,10,80,80,85.08,93.57,-8.49,69.3,89.78,-20.48,65.42,79.56,-14.14,3.33,,,NA,,,NA,,,11.4,,,2.04,,
33,7,33.07,TF,F 25,51_03:486728,2,10,85,85,86.83,93.57,-6.73,88.24,89.78,-1.54,81.15,79.56,1.59,3,,,203.5,,,1.43,,,NA,,,NA,,
33,8,33.08,TF,F 37,56_05:486755,2,4,80,85,97.37,93.57,3.81,86,89.78,-3.78,64.59,79.56,-14.97,5.67,,,323.5,,,1.27,,,10,,,2.22,,
33,9,33.09,TF,F 20,53_06:486740,2,4,85,92,113.27,93.57,19.7,96.12,89.78,6.34,76.21,79.56,-3.35,4.5,,,246,,,NA,,,1.2,,,2.48,,
33,10,33.1,TF,F 32,55_05:486750,2,7,73,80,84.23,93.57,-9.33,76.99,89.78,-12.79,69.5,79.56,-10.06,4.33,,,228.67,,,1.28,,,8,,,2.235,,
33,11,33.11,TF,F 13,49_04:486719,2,15,73,80,95.64,93.57,2.07,91.58,89.78,1.8,68.58,79.56,-10.98,2.33,,,190.17,,,1.19,,,17.5,,,2.04,,
33,12,33.12,T,Positive,6_03:486512,2,9,122,128,93.07,93.57,-0.49,90.13,89.78,0.35,69.35,79.56,-10.21,12,,,456.83,,,1.02,,,1,,,2.2,,
34,1,34.01,T,Positive,6_03:486512,1,12,128,135,51,92.47,-41.46,44.77,88.98,-44.2,56.91,78.72,-21.81,7,,,270.5,,,1.55,,,NA,,,NA,,
34,2,34.02,TD,D 74,34_02:486641,1,14,85,85,74.98,92.47,-17.49,76.65,88.98,-12.33,71.24,78.72,-7.48,1.33,,,159.17,,,1.18,,,3,,,2.18,,
34,3,34.03,TD,D 117,34_03:486642,1,15,80,85,73.72,92.47,-18.75,78.57,88.98,-10.41,67.12,78.72,-11.6,3,,,166,,,1.15,,,3.9,,,2.25,,
34,4,34.04,N,Negative,14_05:486557,1,15,58,65,56.24,92.47,-36.22,NA,88.98,NA,NA,78.72,NA,1.67,,,212.33,,,0.83,,,176.9,,,1.67,,
34,5,34.05,TD,D 61,34_05:486643,1,13,80,80,96.14,92.47,3.68,90.55,88.98,1.57,53.43,78.72,-25.29,2,,,213.83,,,1.28,,,1.3,,,2.56,,
34,6,34.06,TD,D 11,34_06:486644,1,12,80,80,52.84,92.47,-39.62,55.62,88.98,-33.36,77.9,78.72,-0.82,2.33,,,180,,,1.35,,,28.5,,,2.07,,
34,7,34.07,TF,F 46,50_03:486724,2,13,85,92,60.11,92.47,-32.36,61.41,88.98,-27.57,54.57,78.72,-24.15,4.33,,,135.33,,,1.38,,,NA,,,NA,,
34,8,34.08,TF,F 34,59_06:486771,2,7,92,92,73.54,92.47,-18.93,79.32,88.98,-9.65,67.77,78.72,-10.95,4.33,,,225.33,,,1.2,,,1.1,,,2.32,,
34,9,34.09,N,Negative,14_05:486557,2,14,58,65,53.78,92.47,-38.69,NA,88.98,NA,NA,78.72,NA,1,,,184,,,0.77,,,188,,,1.62,,
34,10,34.1,TF,F 48,50_01:486722,2,12,92,92,88.2,92.47,-4.26,93.83,88.98,4.85,88.25,78.72,9.52,4.33,,,195.17,,,1.29,,,7.3,,,2.19,,
34,11,34.11,TF,F 26,58_05:486765,2,6,80,85,84.05,92.47,-8.42,89.56,88.98,0.58,73.58,78.72,-5.14,3.33,,,211.67,,,1.23,,,1.3,,,2.21,,
34,12,34.12,TF,F 59,56_06:486756,2,7,73,80,92.17,92.47,-0.3,83.86,88.98,-5.11,67.29,78.72,-11.43,3,,,164,,,0.8,,,14.9,,,2.15,,
35,1,35.01,TD,D 99,35_01:486645,1,13,80,85,62.48,91.37,-28.89,62.11,88.17,-26.06,44.78,77.89,-33.11,2.33,,,126.83,,,1.555,,,8.3,,,2.28,,
35,2,35.02,TD,D 91,35_02:486646,1,10,92,92,96.16,91.37,4.79,96.09,88.17,7.91,91.08,77.89,13.2,2.33,,,213.83,,,1.16,,,NA,,,NA,,
35,3,35.03,TD,D 86,35_03:486647,1,13,85,92,100.63,91.37,9.26,91.92,88.17,3.75,71.33,77.89,-6.55,1,,,136.83,,,1,,,0.4,,,2.35,,
35,4,35.04,TD,D 73,35_04:486648,1,11,85,92,101.9,91.37,10.53,106.6,88.17,18.43,74.7,77.89,-3.19,4,,,177.17,,,1.57,,,NA,,,NA,,
35,5,35.05,T,Positive,6_03:486512,1,14,122,128,74.51,91.37,-16.86,46.78,88.17,-41.39,60.77,77.89,-17.12,7,,,423.5,,,1.62,,,NA,,,NA,,
35,6,35.06,N,Negative,14_05:486557,1,15,58,65,40.37,91.37,-50.99,NA,88.17,NA,NA,77.89,NA,1,,,183.17,,,0.86,,,149.1,,,1.64,,
35,7,35.07,TF,F 17,53_03:486738,2,6,100,107,106.08,91.37,14.71,87.24,88.17,-0.94,81.02,77.89,3.13,2.67,,,238.33,,,1.33,,,NA,,,NA,,
35,8,35.08,TF,F 54,57_04:486759,2,10,80,80,106.31,91.37,14.95,114.21,88.17,26.03,78.26,77.89,0.37,3.67,,,133.17,,,1.5,,,1.1,,,NA,,
35,9,35.09,N,Negative,14_05:486557,2,14,58,65,68.18,91.37,-23.19,NA,88.17,NA,NA,77.89,NA,1,,,206,,,0.77,,,213.4,,,1.61,,
35,10,35.1,TF,F 39,51_05:486730,2,9,92,92,108.76,91.37,17.39,106.8,88.17,18.62,73.17,77.89,-4.72,4.67,,,250.5,,,1.13,,,NA,,,NA,,
35,11,35.11,TF,F 42,60_04:486774,2,3,73,85,107.99,91.37,16.62,106.31,88.17,18.14,94.16,77.89,16.27,4.33,,,257.83,,,1.07,,,3.8,,,2.8,,
35,12,35.12,TF,F 11,57_01:486757,2,14,80,80,90.45,91.37,-0.91,96.28,88.17,8.11,91.15,77.89,13.27,2.67,,,121.17,,,1.08,,,NA,,,NA,,
36,1,36.01,TD,D 15,36_01:486649,1,10,80,80,47.44,90.27,-42.83,43.47,87.37,-43.91,38.56,77.05,-38.49,2.33,,,163.83,,,1.79,,,NA,,,NA,,
36,2,36.02,TD,D 08,36_02:486650,1,13,73,80,41.77,90.27,-48.49,45.14,87.37,-42.23,42.75,77.05,-34.31,0,,,145,,,1.44,,,35,,,2.12,,
36,3,36.03,TD,D 111,36_03:486651,1,14,80,85,79.75,90.27,-10.51,72.23,87.37,-15.14,67.65,77.05,-9.41,1.33,,,237.17,,,1.35,,,18.6,,,2.22,,
36,4,36.04,TD,D 44,36_04:486652,1,15,80,85,42.35,90.27,-47.92,38.39,87.37,-48.99,26.3,77.05,-50.75,3.67,,,242.67,,,1.6,,,45.7,,,2.19,,
36,5,36.05,D,LH82,36_05:486653,1,12,58,58,56.34,90.27,-33.92,NA,87.37,NA,NA,77.05,NA,0,,,110.33,,,1.29,,,37.7,,,1.81,,
36,6,36.06,TD,D 39,36_06:486654,1,15,73,73,64.81,90.27,-25.46,36.3,87.37,-51.07,50.46,77.05,-26.59,1,,,125,,,1.52,,,11.7,,,1.93,,
36,7,36.07,TF,F 04,53_02:486737,2,12,73,80,51.47,90.27,-38.79,52.5,87.37,-34.87,53.38,77.05,-23.67,2.67,,,140,,,1.5,,,0.3,,,2.13,,
36,8,36.08,TF,F 53,56_03:486753,2,8,92,100,93.73,90.27,3.46,103.25,87.37,15.88,68.85,77.05,-8.2,5,,,311,,,1.26,,,1.5,,,2.23,,
36,9,36.09,TF,F 51,60_01:486772,2,14,92,92,48.75,90.27,-41.51,33.26,87.37,-54.12,43.27,77.05,-33.78,4,,,189.5,,,1.79,,,NA,,,NA,,
36,10,36.1,TF,F 15,50_02:486723,2,14,73,80,42.83,90.27,-47.44,64.3,87.37,-23.07,39.03,77.05,-38.02,2.67,,,175.5,,,1.37,,,NA,,,NA,,
36,11,36.11,T,Positive,6_03:486512,2,13,122,122,59.89,90.27,-30.38,56.1,87.37,-31.27,67.66,77.05,-9.39,15.5,,,399,,,1.12,,,21.1,,,2.01,,
36,12,36.12,F,Mo17,54_06:486746,2,15,58,65,70.9,90.27,-19.37,NA,87.37,NA,NA,77.05,NA,0,,,83.33,,,1.14,,,NA,,,NA,,
37,1,37.01,TD,D 17,37_01:486655,1,10,80,80,64.05,89.17,-25.12,81.14,86.57,-5.43,65.7,76.22,-10.52,2.33,,,262.33,,,1.61,,,20.1,,,1.95,,
37,2,37.02,N,Negative,14_05:486557,1,15,58,58,47.79,89.17,-41.38,NA,86.57,NA,NA,76.22,NA,0.33,,,153.5,,,0.87,,,131.4,,,1.63,,
37,3,37.03,TD,D 14,37_03:486656,1,8,80,80,81.33,89.17,-7.84,93.56,86.57,6.99,74.47,76.22,-1.75,2.67,,,233.33,,,1.41,,,8.5,,,2.13,,
37,4,37.04,TD,D 116,37_04:486657,1,13,85,92,76.84,89.17,-12.33,94.24,86.57,7.67,84.04,76.22,7.83,6.33,,,222.5,,,NA,,,28.9,,,2.08,,
37,5,37.05,TD,D 71,37_05:486659,1,14,85,85,80.52,89.17,-8.64,94.57,86.57,8,67.13,76.22,-9.08,1.67,,,218.83,,,1.25,,,0.3,,,2.315,,
37,6,37.06,TD,D 106,37_06:486660,1,11,80,85,93.73,89.17,4.57,74.71,86.57,-11.86,99.7,76.22,23.49,2.33,,,174.67,,,1.56,,,NA,,,NA,,
37,7,37.07,TF,F 58,57_05:486760,2,10,80,80,125.93,89.17,36.76,110.77,86.57,24.2,98.93,76.22,22.72,4,,,202.5,,,1.39,,,2.1,,,2.55,,
37,8,37.08,TF,F 41,59_04:486769,2,8,100,100,74.55,89.17,-14.62,81.32,86.57,-5.25,80.26,76.22,4.04,1.67,,,204.83,,,1.06,,,0.3,,,2.94,,
37,9,37.09,N,Negative,14_05:486557,2,13,58,65,76.78,89.17,-12.39,NA,86.57,NA,NA,76.22,NA,0.33,,,211.83,,,0.72,,,213.5,,,1.65,,
37,10,37.1,TF,F 05,59_03:486768,2,14,85,92,84.33,89.17,-4.84,91.45,86.57,4.88,79.41,76.22,3.19,2.67,,,192.33,,,1.5,,,0.6,,,2.32,,
37,11,37.11,TF,F 12,58_03:486763,2,7,85,92,105,89.17,15.83,106.72,86.57,20.15,91.68,76.22,15.46,2,,,209.5,,,1.4,,,4.1,,,2.13,,
37,12,37.12,TF,F 55,59_05:486770,2,11,80,85,67.79,89.17,-21.38,81.38,86.57,-5.19,71.69,76.22,-4.52,3,,,176.67,,,1.12,,,0.7,,,2.43,,
38,1,38.01,TD,D 43,38_01:486661,1,12,85,85,95.77,88.07,7.7,106.21,85.77,20.44,90.71,75.38,15.33,1.33,,,150.17,,,NA,,,31.3,,,2.12,,
38,2,38.02,TD,D 57,38_02:486662,1,11,80,85,86.19,88.07,-1.88,103.54,85.77,17.77,96.21,75.38,20.83,3,,,230.17,,,1.3,,,0.7,,,2.36,,
38,3,38.03,TD,D 108,38_03:486663,1,12,85,85,68.53,88.07,-19.53,61.64,85.77,-24.13,79.37,75.38,3.99,2.33,,,230.5,,,1.14,,,43.6,,,1.895,,
38,4,38.04,TD,D 29,38_04:486664,1,9,92,92,84.79,88.07,-3.28,77.43,85.77,-8.34,67.4,75.38,-7.98,2.67,,,239.67,,,1.34,,,29.2,,,2.095,,
38,5,38.05,TD,D 12,38_05:486665,1,13,85,85,71.41,88.07,-16.66,72.58,85.77,-13.19,80.23,75.38,4.85,2.67,,,261.67,,,1.45,,,27.5,,,2.08,,
38,6,38.06,TD,D 49,38_06:486666,1,11,80,85,59.49,88.07,-28.58,47.24,85.77,-38.53,58.67,75.38,-16.71,2.67,,,215.67,,,1.26,,,NA,,,NA,,
38,7,38.07,TF,F 21,58_01:486762,2,12,85,85,82.83,88.07,-5.24,83.58,85.77,-2.19,91.33,75.38,15.95,2,,,160.67,,,1.29,,,NA,,,NA,,
38,8,38.08,TF,F 19,49_02:486717,2,8,100,100,120.25,88.07,32.18,119.31,85.77,33.54,104.19,75.38,28.81,3.67,,,246.67,,,0.97,,,2.8,,,2.42,,
38,9,38.09,T,Positive,6_03:486512,2,12,114,122,102.64,88.07,14.58,114.97,85.77,29.2,80.86,75.38,5.48,11.33,,,501.83,,,1.06,,,NA,,,NA,,
38,10,38.1,TC,C 25,22_01:486587,2,5,128,135,76.38,88.07,-11.68,89.15,85.77,3.38,82.37,75.38,6.99,3,,,166.67,,,1.43,,,NA,,,NA,,
38,11,38.11,TC,C 33,20_01:486578,2,10,135,135,118.72,88.07,30.65,107.82,85.77,22.05,90.78,75.38,15.4,2.5,,,101,,,1.25,,,0.9,,,1.96,,
38,12,38.12,TC,C 19,20_04:486581,2,3,114,114,106.68,88.07,18.61,87.68,85.77,1.91,66.9,75.38,-8.48,7.5,,,232,,,1.51,,,NA,,,NA,,
39,1,39.01,T,Positive,6_03:486512,1,15,128,135,67.63,86.97,-19.33,71.9,84.97,-13.07,60.39,74.55,-14.15,6.67,,,410.5,,,1.25,,,8.8,,,1.85,,
39,2,39.02,TD,D 04,39_02:486667,1,9,85,85,103.85,86.97,16.88,112.6,84.97,27.63,77.06,74.55,2.52,4,,,303,,,1,,,NA,,,NA,,
39,3,39.03,TD,D 10,39_03:486668,1,13,85,85,105.37,86.97,18.4,81.5,84.97,-3.47,83.13,74.55,8.59,2.33,,,161.83,,,1.15,,,13.5,,,2.18,,
39,4,39.04,TD,D 21,39_04:486669,1,11,80,80,88.12,86.97,1.15,105.05,84.97,20.08,87.16,74.55,12.62,3.67,,,205.5,,,1.43,,,5.9,,,2.47,,
39,5,39.05,TD,D 95,39_05a:486670,1,7,92,92,96.59,86.97,9.63,85.03,84.97,0.06,67.97,74.55,-6.57,4.67,,,245.5,,,1.47,,,NA,,,NA,,
39,6,39.06,TD,D 109,39_06:486671,1,12,80,80,78.9,86.97,-8.07,79.11,84.97,-5.85,63.45,74.55,-11.09,2.33,,,240.33,,,1.03,,,29.8,,,2.15,,
39,7,39.07,T,Positive,6_03:486512,2,13,122,128,72.87,86.97,-14.1,73.72,84.97,-11.25,63.3,74.55,-11.25,10.67,,,418.33,,,1.19,,,0.6,,,2.31,,
39,8,39.08,TC,C 08,21_04:486584,2,0,NA,NA,NA,NA,NA,NA,84.97,NA,NA,74.55,NA,NA,,,NA,,,NA,,,NA,,,NA,,
39,9,39.09,TC,C 11,NA,2,0,NA,NA,NA,NA,NA,NA,84.97,NA,NA,74.55,NA,NA,,,NA,,,NA,,,NA,,,NA,,
39,10,39.1,N,Negative,14_05:486557,2,12,58,65,97.21,86.97,10.25,NA,84.97,NA,NA,74.55,NA,0,,,223.33,,,0.59,,,211.6,,,1.685,,
39,11,39.11,TC,C 04,NA,2,2,128,142,NA,NA,NA,96.19,84.97,11.22,63.16,74.55,-11.39,4,,,176,,,NA,,,NA,,,NA,,
39,12,39.12,TC,C 18,20_02a:486579,2,0,NA,NA,NA,NA,NA,NA,84.97,NA,NA,74.55,NA,NA,,,NA,,,NA,,,NA,,,NA,,
40,1,40.01,TD,D 102,40_01:486672,1,15,80,85,56.94,85.87,-28.93,47.94,84.17,-36.22,50.64,73.71,-23.07,3.33,,,205.33,,,1.54,,,17.9,,,2.01,,
40,2,40.02,N,Negative,14_05:486557,1,15,58,65,63.6,85.87,-22.27,NA,84.17,NA,NA,73.71,NA,0.33,,,211.5,,,0.81,,,190.1,,,1.77,,
40,3,40.03,TD,D 75,40_03:486673,1,14,80,80,81.72,85.87,-4.15,53.39,84.17,-30.78,92.23,73.71,18.52,3,,,223.67,,,1.28,,,32,,,2.03,,
40,4,40.04,TD,D 77,40_04:486674,1,15,85,85,87.38,85.87,1.52,83.16,84.17,-1.01,73.61,73.71,-0.1,0.67,,,198,,,1.25,,,40.1,,,2.36,,
40,5,40.05,TD,D 46,40_05a:486675,1,5,NA,NA,71.27,85.87,-14.59,NA,84.17,NA,NA,73.71,NA,NA,,,NA,,,NA,,,NA,,,NA,,
40,6,40.06,TD,D 62,40_06:486676,1,12,92,92,98.79,85.87,12.92,86.4,84.17,2.24,67.21,73.71,-6.5,6,,,258,,,1.25,,,5.1,,,1.87,,
40,7,40.07,TC,C 01,23_03:486593,2,2,128,135,80.24,85.87,-5.62,96.84,84.17,12.67,NA,73.71,NA,11,,,554.5,,,1.53,,,20.5,,,2.1,,
40,8,40.08,TC,C 30,19_05:486576,2,7,142,142,125.73,85.87,39.86,115.78,84.17,31.61,72.72,73.71,-0.99,7.33,,,249.67,,,1.32,,,3.2,,,2.22,,
40,9,40.09,TC,C 07,NA,2,0,NA,NA,NA,NA,NA,NA,84.17,NA,NA,73.71,NA,NA,,,NA,,,NA,,,NA,,,NA,,
40,10,40.1,TC,C 10,22_02:486588,2,5,128,135,118.17,85.87,32.3,104.58,84.17,20.41,70.04,73.71,-3.67,9,,,318,,,NA,,,2.6,,,2.44,,
40,11,40.11,T,Positive,6_03:486512,2,14,114,122,89.52,85.87,3.66,89.61,84.17,5.45,62.68,73.71,-11.03,8,,,319,,,0.91,,,5.4,,,2.04,,
40,12,40.12,TC,C 34,23_01:486592,2,8,114,114,122.16,85.87,36.29,94.91,84.17,10.75,65.6,73.71,-8.11,6,,,251.5,,,1.59,,,NA,,,NA,,
41,1,41.01,TD,D 52,41_01:486677,1,13,92,92,99.05,84.77,14.28,82.69,83.36,-0.68,94.16,72.87,21.28,3.33,,,206.67,,,1.55,,,3.3,,,2.185,,
41,2,41.02,TD,D 98,41_02:486678,1,10,92,92,87.86,84.77,3.09,84.96,83.36,1.59,99.85,72.87,26.98,4,,,157.33,,,1.74,,,NA,,,NA,,
41,3,41.03,N,Negative,14_05:486557,1,15,58,65,79.26,84.77,-5.51,NA,83.36,NA,NA,72.87,NA,0.33,,,218.17,,,0.51,,,164.6,,,1.49,,
41,4,41.04,T,Positive,6_03:486512,1,13,122,128,91.19,84.77,6.42,111.73,83.36,28.36,85.01,72.87,12.14,13,,,552.67,,,1.195,,,4.7,,,2.47,,
41,5,41.05,TD,D 55,41_05:486679,1,11,80,85,94.82,84.77,10.05,96.28,83.36,12.92,86.5,72.87,13.62,4,,,231.17,,,1.47,,,24.3,,,2.14,,
41,6,41.06,TD,D 94,41_06:486680,1,14,85,92,113.41,84.77,28.64,114.02,83.36,30.65,93.29,72.87,20.41,3,,,305,,,1.35,,,11.1,,,2.31,,
41,7,41.07,TC,C 23,21_02a:486583,2,0,NA,NA,NA,NA,NA,NA,83.36,NA,NA,72.87,NA,NA,,,NA,,,NA,,,NA,,,NA,,
41,8,41.08,TC,C 15,NA,2,1,NA,NA,NA,NA,NA,NA,83.36,NA,NA,72.87,NA,NA,,,NA,,,NA,,,NA,,,NA,,
41,9,41.09,N,Negative,14_05:486557,2,14,58,65,85.69,84.77,0.92,NA,83.36,NA,NA,72.87,NA,0,,,223.33,,,0.59,,,227.1,,,1.44,,
41,10,41.1,TC,C 21,20_03:486580,2,1,122,135,117.16,84.77,32.39,93.06,83.36,9.7,67.85,72.87,-5.02,9,,,273,,,1.79,,,7.4,,,1.92,,
41,11,41.11,TC,C 12,NA,2,1,NA,NA,NA,NA,NA,NA,83.36,NA,NA,72.87,NA,NA,,,NA,,,NA,,,NA,,,NA,,
41,12,41.12,TC,C 03,24_04:486595,2,5,128,135,63.1,84.77,-21.67,NA,83.36,NA,99.49,72.87,26.61,4.33,,,192.67,,,NA,,,NA,,,NA,,
42,1,42.01,TD,D 113,42_01:486681,1,13,73,73,62.45,83.67,-21.22,57.92,82.56,-24.64,75.46,72.04,3.42,0.33,,,208.67,,,1.18,,,44.4,,,1.9,,
42,2,42.02,TD,D 23,42_02a:486682,1,9,65,73,108.68,83.67,25.01,103.31,82.56,20.75,83.3,72.04,11.26,3,,,248.83,,,1.38,,,56.2,,,2.12,,
42,3,42.03,TD,D 36,42_03:486683,1,10,85,85,79.58,83.67,-4.09,72.76,82.56,-9.8,64.69,72.04,-7.35,1,,,239.5,,,0.86,,,91,,,1.7,,
42,4,42.04,N,Negative,14_05:486557,1,13,58,65,63.52,83.67,-20.15,NA,82.56,NA,NA,72.04,NA,0,,,219.17,,,NA,,,218.5,,,1.715,,
42,5,42.05,TD,D 53,42_05a:486684,1,3,85,85,105.71,83.67,22.04,94.09,82.56,11.53,75.07,72.04,3.04,6,,,270.5,,,1.58,,,0.5,,,2.32,,
42,6,42.06,TD,D 13,42_06a:486685,1,11,92,92,52.99,83.67,-30.68,73.68,82.56,-8.89,67.34,72.04,-4.69,3.33,,,122.5,,,1.53,,,NA,,,NA,,
42,7,42.07,TC,C 24,NA,2,3,122,135,95.75,83.67,12.08,100.79,82.56,18.23,63.07,72.04,-8.97,7,,,155,,,1.69,,,0.4,,,2.26,,
42,8,42.08,TC,C 26,22_04:486590,2,3,NA,NA,104.97,83.67,21.3,NA,82.56,NA,68.11,72.04,-3.93,NA,,,NA,,,NA,,,NA,,,NA,,
42,9,42.09,TC,C 28,NA,2,2,135,135,121.15,83.67,37.48,104.1,82.56,21.54,45.92,72.04,-26.12,13,,,406,,,1.61,,,NA,,,NA,,
42,10,42.1,TC,C 17,NA,2,0,NA,NA,NA,NA,NA,NA,82.56,NA,NA,72.04,NA,NA,,,NA,,,NA,,,NA,,,NA,,
42,11,42.11,TC,C 13,19_06:486577,2,1,135,142,NA,NA,NA,NA,82.56,NA,NA,72.04,NA,7,,,164,,,1.45,,,NA,,,NA,,
42,12,42.12,C,PH207,22_03:486589,2,14,58,58,77.59,83.67,-6.08,NA,82.56,NA,NA,72.04,NA,1,,,82.33,,,1.08,,,18.1,,,2.19,,
43,1,43.01,TD,D 37,43_01:486686,1,15,85,85,NA,NA,NA,77.05,81.76,-4.71,62.76,71.2,-8.44,2.67,,,200.33,,,1.53,,,0.7,,,2.45,,
43,2,43.02,TD,D 58,43_02:486687,1,15,80,80,NA,NA,NA,125.26,81.76,43.5,98.81,71.2,27.61,3,,,284.17,,,1.2,,,39.5,,,2.04,,
43,3,43.03,TD,D 100,43_03:486688,1,15,80,80,NA,NA,NA,107.06,81.76,25.3,95.86,71.2,24.65,1.33,,,217.67,,,1.21,,,25.7,,,1.99,,
43,4,43.04,T,Positive,6_03:486512,1,14,114,122,NA,NA,NA,96.53,81.76,14.77,54.15,71.2,-17.05,12,,,518.5,,,1.405,,,NA,,,NA,,
43,5,43.05,TD,D 68,43_05:486689,1,12,80,80,NA,NA,NA,78.35,81.76,-3.41,60.81,71.2,-10.39,2.33,,,215.67,,,1.17,,,131.6,,,1.75,,
43,6,43.06,TD,D 35,43_06:486690,1,7,80,80,NA,NA,NA,72.65,81.76,-9.11,90.96,71.2,19.76,4.33,,,217.5,,,1.43,,,1.7,,,2.6,,
43,7,43.07,TC,C 06,24_02a:486594,2,3,122,135,NA,NA,NA,74.2,81.76,-7.56,75.57,71.2,4.36,6.5,,,541.5,,,1.49,,,0.2,,,2.43,,
43,8,43.08,T,Positive,6_03:486512,2,14,122,122,NA,NA,NA,77.24,81.76,-4.52,77.83,71.2,6.63,12.67,,,554.5,,,1.1,,,6.1,,,2.225,,
43,9,43.09,TC,C 16,NA,2,3,128,135,NA,NA,NA,97.42,81.76,15.66,87.37,71.2,16.16,8,,,239.67,,,1.36,,,NA,,,NA,,
43,10,43.1,TC,C 22,NA,2,0,NA,NA,NA,NA,NA,82.61,81.76,0.85,NA,71.2,NA,NA,,,NA,,,NA,,,NA,,,NA,,
43,11,43.11,TC,C 35,21_05:486585,2,7,NA,NA,NA,NA,NA,NA,81.76,NA,94.99,71.2,23.78,NA,,,NA,,,NA,,,NA,,,NA,,
43,12,43.12,TC,C 05,22_06:486591,2,11,128,135,NA,NA,NA,100.95,81.76,19.19,95.68,71.2,24.47,8,,,284.33,,,1.26,,,5.9,,,2.22,,
44,1,44.01,TD,D 09,44_01:486691,1,15,80,80,NA,NA,NA,64.14,80.96,-16.82,52.84,70.37,-17.52,1.67,,,176,,,1.27,,,72.3,,,1.92,,
44,2,44.02,TD,D 02,44_02:486692,1,13,73,80,NA,NA,NA,107.49,80.96,26.53,96.34,70.37,25.97,1.33,,,191.5,,,1.06,,,66.9,,,1.92,,
44,3,44.03,TD,D 76,44_03:486693,1,13,80,80,NA,NA,NA,91.39,80.96,10.43,80.75,70.37,10.38,2,,,265.83,,,1.17,,,24.7,,,2.25,,
44,4,44.04,TD,D 72,44_04:486694,1,12,80,80,NA,NA,NA,103.4,80.96,22.44,73.52,70.37,3.16,4,,,224.33,,,1.6,,,6.5,,,2.72,,
44,5,44.05,TD,D 107,44_05:486695,1,11,85,85,NA,NA,NA,94.84,80.96,13.88,78.78,70.37,8.41,3,,,225.17,,,1.37,,,36.1,,,1.91,,
44,6,44.06,T,Positive,6_03:486512,1,12,114,122,NA,NA,NA,69.93,80.96,-11.03,63.56,70.37,-6.81,11.67,,,501.17,,,1.305,,,1.7,,,2.15,,
44,7,44.07,N,Negative,14_05:486557,2,12,58,65,NA,NA,NA,NA,80.96,NA,NA,70.37,NA,0,,,219.5,,,0.58,,,239.3,,,1.46,,
44,8,44.08,T,Totontepec,6_03:486512,2,12,122,128,NA,NA,NA,79.06,80.96,-1.9,67.68,70.37,-2.68,7.67,,,361.83,,,0.95,,,17.1,,,1.91,,
44,9,44.09,TC,C 02,24_05:486596,2,10,128,135,NA,NA,NA,100.97,80.96,20.02,88.42,70.37,18.05,6.67,,,184,,,1.46,,,4.9,,,1.935,,
44,10,44.1,TC,C 29,20_06:486582,2,5,135,135,NA,NA,NA,127.9,80.96,46.94,84.16,70.37,13.79,8.67,,,198.67,,,1.55,,,0.3,,,2.69,,
44,11,44.11,N,Negative,14_05:486557,2,15,58,65,NA,NA,NA,NA,80.96,NA,NA,70.37,NA,0,,,222.5,,,0.56,,,238.6,,,1.49,,
44,12,44.12,TB,B 41,11_02:486538,2,12,80,85,NA,NA,NA,95.23,80.96,14.27,90.83,70.37,20.46,2.33,,,345.17,,,0.77,,,35.4,,,2.01,,
45,1,45.01,TD,D 97,45_01:486696,1,11,85,92,NA,NA,NA,99.78,80.16,19.63,81.17,69.53,11.64,3.33,,,215.5,,,1.39,,,19.7,,,1.96,,
45,2,45.02,TD,D 06,45_02:486697,1,10,73,80,NA,NA,NA,139.43,80.16,59.28,94.15,69.53,24.62,3.67,,,162.83,,,1.19,,,16.7,,,1.95,,
45,3,45.03,TD,D 82,45_03:486698,1,13,85,85,NA,NA,NA,127.3,80.16,47.14,102.81,69.53,33.28,3,,,256.83,,,1.35,,,25.8,,,2.04,,
45,4,45.04,T,Totontepec,6_03:486512,1,13,122,128,NA,NA,NA,100.04,80.16,19.88,74.84,69.53,5.3,11,,,513.5,,,1.315,,,0.5,,,2.23,,
45,5,45.05,TD,D 25,NA,1,1,NA,NA,NA,NA,NA,NA,80.16,NA,86.56,69.53,17.03,NA,,,NA,,,NA,,,NA,,,NA,,
45,6,45.06,TD,D 64,45_06:486700,1,10,100,100,NA,NA,NA,NA,80.16,NA,73.15,69.53,3.62,3,,,206.67,,,1.21,,,0.6,,,2.77,,
45,7,45.07,TB,B 45,16_03a:486565,2,11,80,85,NA,NA,NA,96.51,80.16,16.35,60.31,69.53,-9.22,4.67,,,226.17,,,1.12,,,6.9,,,2.23,,
45,8,45.08,T,Totontepec,6_03:486512,2,13,114,122,NA,NA,NA,89.27,80.16,9.12,71.8,69.53,2.26,5.67,,,290,,,1.05,,,10.3,,,2.16,,
45,9,45.09,TB,B 25,B25:486782,2,7,80,80,NA,NA,NA,99.58,80.16,19.42,101.01,69.53,31.48,3.67,,,288.17,,,1.02,,,85.1,,,2.04,,
45,10,45.1,TB,B 50,B50:486787,2,10,80,80,NA,NA,NA,95.57,80.16,15.41,96.78,69.53,27.25,2.67,,,174.17,,,0.82,,,8.2,,,2,,
45,11,45.11,T,Positive,6_03:486512,2,12,114,122,NA,NA,NA,100.3,80.16,20.14,71.31,69.53,1.78,11.33,,,447.17,,,1.115,,,23.9,,,1.76,,
45,12,45.12,TB,B 84,13_03:486549,2,11,80,85,NA,NA,NA,121.13,80.16,40.97,100.07,69.53,30.53,3.33,,,236.17,,,1.01,,,15.9,,,1.69,,
46,1,46.01,T,Positive,6_03:486512,1,14,122,128,NA,NA,NA,78.61,79.35,-0.75,72.04,68.7,3.34,9.67,,,443,,,1.02,,,6.4,,,2.04,,
46,2,46.02,TD,D 42,46_02:486701,1,15,80,85,NA,NA,NA,104.89,79.35,25.53,107.96,68.7,39.27,2,,,220.67,,,1.32,,,9.5,,,1.99,,
46,3,46.03,TD,D 27,46_03:486702,1,13,80,80,NA,NA,NA,105.46,79.35,26.11,87.27,68.7,18.57,0,,,154.17,,,0.8,,,57.5,,,2.07,,
46,4,46.04,TD,D 90,46_04:486703,1,15,80,85,NA,NA,NA,96.39,79.35,17.03,79.81,68.7,11.12,2,,,220,,,0.88,,,69.8,,,1.85,,
46,5,46.05,TD,D 89,46_05:486704,1,13,85,92,NA,NA,NA,109.78,79.35,30.43,98.34,68.7,29.64,3,,,164.17,,,1.29,,,0.6,,,2.78,,
46,6,46.06,TD,D 79,46_06:486705,1,9,85,85,NA,NA,NA,85.94,79.35,6.58,63.17,68.7,-5.53,2.67,,,267.83,,,1.31,,,NA,,,NA,,
46,7,46.07,TB,B 52,8_06:486526,2,13,85,85,NA,NA,NA,72.11,79.35,-7.25,59.65,68.7,-9.05,4,,,218.5,,,0.89,,,35.9,,,1.905,,
46,8,46.08,TB,B 79,12_04:486544,2,15,80,85,NA,NA,NA,101.11,79.35,21.76,74.57,68.7,5.87,5.33,,,245.5,,,0.84,,,17,,,2.07,,
46,9,46.09,TB,B 75,17_01:486568,2,14,85,85,NA,NA,NA,103.01,79.35,23.66,78.15,68.7,9.45,3.33,,,272.17,,,0.91,,,46.8,,,1.89,,
46,10,46.1,N,Negative,14_05:486557,2,13,58,65,NA,NA,NA,NA,79.35,NA,NA,68.7,NA,0.67,,,211.67,,,0.52,,,181.6,,,1.58,,
46,11,46.11,TB,B 26,B26:486783,2,12,92,92,NA,NA,NA,90.25,79.35,10.9,98.66,68.7,29.97,2.33,,,182.33,,,0.9,,,NA,,,NA,,
46,12,46.12,TB,B 66,5_01:486503,2,15,80,85,NA,NA,NA,104.77,79.35,25.41,82.4,68.7,13.71,1.67,,,217.67,,,0.99,,,2,,,2.23,,
47,1,47.01,N,Negative,14_05:486557,1,13,58,65,NA,NA,NA,NA,78.55,NA,NA,67.86,NA,0.33,,,175.5,,,0.61,,,90.8,,,1.95,,
47,2,47.02,TD,D 48,47_02:486706,1,8,92,92,NA,NA,NA,122.63,78.55,44.07,74.62,67.86,6.76,4.33,,,169,,,1.05,,,38.2,,,2.18,,
47,3,47.03,TD,D 81,47_03:486707,1,14,92,92,NA,NA,NA,105.1,78.55,26.55,88.52,67.86,20.66,1.67,,,155.67,,,1.05,,,34.3,,,1.95,,
47,4,47.04,TD,D 67,47_04:486708,1,5,85,92,NA,NA,NA,66.15,78.55,-12.4,50.61,67.86,-17.25,3,,,145.25,,,0.97,,,31.4,,,1.95,,
47,5,47.05,TD,D 50,47_05:486709,1,9,92,92,NA,NA,NA,62.2,78.55,-16.35,56.89,67.86,-10.97,2,,,124.67,,,1.05,,,19.9,,,2.12,,
47,6,47.06,T,Positive,6_03:486512,1,10,114,122,NA,NA,NA,88.43,78.55,9.87,71.99,67.86,4.13,8.67,,,434.83,,,1.135,,,2.1,,,2.15,,
47,7,47.07,TB,B 08,12_05:486545,2,13,85,85,NA,NA,NA,61.28,78.55,-17.27,63.69,67.86,-4.17,2,,,219.83,,,0.84,,,26.8,,,2,,
47,8,47.08,TB,B 70,5_06:486509,2,12,80,80,NA,NA,NA,75.2,78.55,-3.35,63.63,67.86,-4.23,5.67,,,173.67,,,1.22,,,2.6,,,2.3,,
47,9,47.09,TB,B 30,B30:486785,2,14,80,85,NA,NA,NA,78.57,78.55,0.01,54.44,67.86,-13.42,2,,,220.17,,,0.88,,,11,,,2.05,,
47,10,47.1,T,Positive,6_03:486512,2,11,122,122,NA,NA,NA,62.18,78.55,-16.37,79.83,67.86,11.97,6.67,,,458.67,,,0.835,,,9,,,1.72,,
47,11,47.11,TB,B 17,18_01:486571,2,10,85,92,NA,NA,NA,126.04,78.55,47.49,87.37,67.86,19.51,2.33,,,266.83,,,0.67,,,23.2,,,1.89,,
47,12,47.12,B,B73,6_02:486511,2,10,73,73,NA,NA,NA,NA,78.55,NA,NA,67.86,NA,0,,,143,,,0.91,,,13.2,,,2.05,,
48,1,48.01,TD,D 47,48_01:486710,1,12,92,92,NA,NA,NA,110.1,77.75,32.35,91.65,67.02,24.63,3.67,,,218,,,1.38,,,0.4,,,2.35,,
48,2,48.02,TD,D 56,48_02:486711,1,13,80,80,NA,NA,NA,93.52,77.75,15.76,73.28,67.02,6.25,2.33,,,219.17,,,1.21,,,89.1,,,1.97,,
48,3,48.03,TD,D 45,48_03:486712,1,12,85,92,NA,NA,NA,80.14,77.75,2.39,67.02,67.02,-0.01,2,,,181.33,,,1.12,,,6.2,,,2.35,,
48,4,48.04,TD,D 83,48_04:486713,1,9,80,85,NA,NA,NA,124.58,77.75,46.83,56.5,67.02,-10.53,2.33,,,254.67,,,1.03,,,114.5,,,2.14,,
48,5,48.05,TD,D 70,48_05:486714,1,9,85,92,NA,NA,NA,105.9,77.75,28.14,92.76,67.02,25.73,3,,,376,,,1.09,,,26.1,,,1.88,,
48,6,48.06,TD,D 34,48_06:486715,1,11,85,85,NA,NA,NA,98.65,77.75,20.9,80.85,67.02,13.83,2.67,,,206.67,,,1.44,,,0.2,,,NA,,
48,7,48.07,TB,B 65,10_03a:486534,2,10,80,80,NA,NA,NA,86.08,77.75,8.33,77.6,67.02,10.57,4.67,,,332,,,0.95,,,34,,,2.12,,
48,8,48.08,TB,B 61,5_05:486508,2,12,80,80,NA,NA,NA,55.95,77.75,-21.8,56.08,67.02,-10.94,2,,,256.33,,,0.87,,,40.1,,,1.96,,
48,9,48.09,TB,B 22,17_02:486569,2,1,NA,NA,NA,NA,NA,NA,77.75,NA,NA,67.02,NA,NA,,,NA,,,NA,,,NA,,,NA,,
48,10,48.1,TB,B 44,9_03a:486528,2,3,80,85,NA,NA,NA,NA,77.75,NA,61.16,67.02,-5.86,3.67,,,264.5,,,1.22,,,NA,,,NA,,
48,11,48.11,N,Negative,14_05:486557,2,11,58,65,NA,NA,NA,NA,77.75,NA,NA,67.02,NA,0.33,,,206.17,,,NA,,,206.8,,,1.77,,
48,12,48.12,TB,B 31,16_05:486567,2,7,80,80,NA,NA,NA,86.63,77.75,8.88,91.48,67.02,24.46,2,,,199.17,,,0.94,,,2.6,,,1.92,,
49,1,49.01,TD,D 80,49_01:486716,1,12,80,80,NA,NA,NA,90.58,76.95,13.63,89.78,66.19,23.59,2,,,201.33,,,1.27,,,57.7,,,1.92,,
49,2,49.02,TF,F 19,49_02:486717,1,8,92,100,NA,NA,NA,96.78,76.95,19.83,82.28,66.19,16.09,3.67,,,248.83,,,1.36,,,9.3,,,2.72,,
49,3,49.03,TF,F 09,49_03:486718,1,2,100,107,NA,NA,NA,NA,76.95,NA,130.99,66.19,64.8,4,,,300,,,1.16,,,NA,,,NA,,
49,4,49.04,TF,F 13,49_04:486719,1,12,80,85,NA,NA,NA,109.63,76.95,32.68,83.91,66.19,17.72,2.67,,,207.5,,,1.25,,,2.7,,,2.01,,
49,5,49.05,TF,F 02,49_05a:486720,1,12,85,92,NA,NA,NA,91.99,76.95,15.04,77.56,66.19,11.38,2,,,174,,,1.31,,,NA,,,NA,,
49,6,49.06,TF,F 43,49_06:486721,1,9,80,80,NA,NA,NA,89.16,76.95,12.21,84.5,66.19,18.32,2.67,,,164.33,,,1.1,,,9.2,,,1.9,,
49,7,49.07,TB,B 63,7_04:486518,2,12,73,80,NA,NA,NA,86.66,76.95,9.71,69.67,66.19,3.48,2.67,,,172.17,,,0.98,,,41.6,,,1.775,,
49,8,49.08,TB,B 23,13_05:486551,2,12,80,85,NA,NA,NA,NA,76.95,NA,109.3,66.19,43.11,4.33,,,117.5,,,1.15,,,20.3,,,1.8,,
49,9,49.09,TB,B 34,10_05:486536,2,7,80,85,NA,NA,NA,91.17,76.95,14.22,82.3,66.19,16.11,2.33,,,168.5,,,1.04,,,10.2,,,2.18,,
49,10,49.1,TB,B 27,11_06:486542,2,4,100,100,NA,NA,NA,95.74,76.95,18.8,69.53,66.19,3.35,4.67,,,292.5,,,0.94,,,0,,,3.05,,
49,11,49.11,TB,B 56,4_05:486502,2,8,80,85,NA,NA,NA,132.37,76.95,55.42,99.84,66.19,33.65,5.67,,,227.5,,,1.04,,,NA,,,NA,,
49,12,49.12,T,Positive,6_03:486512,2,9,122,122,NA,NA,NA,105.71,76.95,28.76,99.11,66.19,32.92,NA,,,NA,,,NA,,,NA,,,NA,,
50,1,50.01,TF,F 48,50_01:486722,1,11,85,92,NA,NA,NA,83.99,76.15,7.84,80.97,65.35,15.62,2.67,,,160.83,,,1.44,,,1,,,2.31,,
50,2,50.02,TF,F 15,50_02:486723,1,11,73,80,NA,NA,NA,76.15,76.15,0,63.6,65.35,-1.75,3.33,,,207.5,,,1.24,,,7.5,,,2.18,,
50,3,50.03,TF,F 46,50_03:486724,1,11,80,85,NA,NA,NA,66.46,76.15,-9.69,55.77,65.35,-9.58,4.33,,,278,,,1,,,15.3,,,2.01,,
50,4,50.04,TF,F 23,50_04:486725,1,7,80,85,NA,NA,NA,63.8,76.15,-12.35,58.8,65.35,-6.55,3,,,248.33,,,1.24,,,7.2,,,2.29,,
50,5,50.05,T,Positive,6_03:486512,1,13,122,122,NA,NA,NA,54.93,76.15,-21.22,48.89,65.35,-16.46,8.67,,,332.5,,,1.225,,,5.2,,,2,,
50,6,50.06,TF,F 33,50_06:486726,1,8,80,85,NA,NA,NA,65.29,76.15,-10.86,66.59,65.35,1.24,3,,,246.83,,,1.12,,,7.9,,,1.235,,
50,7,50.07,TB,B 80,14_04:486556,2,5,80,85,NA,NA,NA,73.78,76.15,-2.37,63.88,65.35,-1.47,3.33,,,258.83,,,1.33,,,31.3,,,2.19,,
50,8,50.08,TB,B 01,B01:486779,2,14,73,80,NA,NA,NA,90.87,76.15,14.72,78.34,65.35,12.99,3,,,221.33,,,1.12,,,10,,,1.9,,
50,9,50.09,TB,B 58,15_05:486562,2,5,92,92,NA,NA,NA,NA,76.15,NA,60.03,65.35,-5.33,4.67,,,242,,,0.92,,,23.6,,,1.93,,
50,10,50.1,TB,B 82,11_01:486537,2,2,80,85,NA,NA,NA,NA,76.15,NA,62.06,65.35,-3.29,4,,,187,,,0.95,,,25.6,,,1.89,,
50,11,50.11,TB,B 68,7_06:486520,2,10,80,80,NA,NA,NA,96.25,76.15,20.1,71.47,65.35,6.11,1.67,,,143.83,,,1.08,,,19.3,,,2.01,,
50,12,50.12,TB,B 51,18_05:486575,2,14,80,85,NA,NA,NA,72.21,76.15,-3.94,71.35,65.35,5.99,3.33,,,283.83,,,0.66,,,15.2,,,1.98,,
51,1,51.01,TF,F 44,51_01:486727,1,12,92,92,67.5,73.77,-6.27,74.92,75.35,-0.43,72.24,64.52,7.73,4,,,187.5,,,1.19,,,NA,,,NA,,
51,2,51.02,TF,F 10,NA,1,14,80,80,75.57,73.77,1.8,96.62,75.35,21.27,96.26,64.52,31.74,4.33,,,204.5,,,1.38,,,0.5,,,2.34,,
51,3,51.03,TF,F 25,51_03:486728,1,7,80,85,88.11,73.77,14.34,92.61,75.35,17.26,80.02,64.52,15.5,4.67,,,244,,,1.34,,,10.8,,,2.39,,
51,4,51.04,TF,F 27,51_04a:486729,1,10,92,92,120.48,73.77,46.71,111.35,75.35,36.01,77.85,64.52,13.33,4,,,301.67,,,1.23,,,0,,,2.19,,
51,5,51.05,TF,F 39,51_05:486730,1,7,85,92,140.46,73.77,66.69,125.27,75.35,49.92,92.65,64.52,28.13,6.33,,,281.67,,,1.6,,,NA,,,NA,,
51,6,51.06,TF,F 31,51_06:486731,1,5,85,92,116.62,73.77,42.85,108.67,75.35,33.33,83.76,64.52,19.24,3,,,224.67,,,0.98,,,31,,,2.14,,
51,7,51.07,N,Negative,14_05:486557,2,15,58,65,64.1,73.77,-9.68,NA,75.35,NA,NA,64.52,NA,1,,,212.33,,,0.72,,,119.9,,,1.66,,
51,8,51.08,T,Positive,6_03:486512,2,13,114,114,92.91,73.77,19.14,91.47,75.35,16.12,73.63,64.52,9.11,9.33,,,381.33,,,1.39,,,9.9,,,2.06,,
51,9,51.09,TB,B 47,5_03:486505,2,11,80,80,123.83,73.77,50.06,102.98,75.35,27.63,83.01,64.52,18.49,3.67,,,222.83,,,1.06,,,2.1,,,2.44,,
51,10,51.1,TB,B 11,6_01:486510,2,15,85,92,93.63,73.77,19.86,112.25,75.35,36.9,103.03,64.52,38.51,1.67,,,239.83,,,1.02,,,14.4,,,1.78,,
51,11,51.11,TB,B 86,11_05:486541,2,15,85,85,103.37,73.77,29.6,116.63,75.35,41.28,106.63,64.52,42.12,2,,,238.17,,,0.71,,,3,,,2.58,,
51,12,51.12,TB,B 49,13_06:486552,2,13,80,85,125.99,73.77,52.22,127.05,75.35,51.71,99.58,64.52,35.06,4,,,162.83,,,0.67,,,2,,,2.22,,
52,1,52.01,N,Negative,14_05:486557,1,15,58,65,49.41,72.67,-23.26,NA,74.54,NA,NA,63.68,NA,0,,,189.5,,,0.57,,,200.7,,,1.53,,
52,2,52.02,T,Positive,6_03:486512,1,12,122,122,74.85,72.67,2.18,68.98,74.54,-5.57,67.77,63.68,4.09,6.33,,,NA,,,NA,,,9.6,,,2.15,,
52,3,52.03,TF,F 30,52_03:486733,1,10,80,80,80.14,72.67,7.47,76.97,74.54,2.43,65.81,63.68,2.12,2.67,,,223,,,1.24,,,20.3,,,2.03,,
52,4,52.04,T,Totontepec,6_03:486512,1,14,122,122,59.95,72.67,-12.72,59.04,74.54,-15.5,41.15,63.68,-22.54,11.33,,,511.17,,,1.34,,,8.4,,,2.155,,
52,5,52.05,T,Positive,6_03:486512,1,15,122,122,89.53,72.67,16.86,69.37,74.54,-5.18,47.36,63.68,-16.32,9.33,,,NA,,,NA,,,1,,,1.76,,
52,6,52.06,TF,F 29,52_06:486735,1,5,80,85,93.18,72.67,20.51,86.65,74.54,12.11,70.56,63.68,6.88,2.67,,,216.17,,,1.07,,,NA,,,NA,,
52,7,52.07,TB,B 28,B28:486784,2,12,80,80,86.36,72.67,13.69,67.74,74.54,-6.81,61.99,63.68,-1.7,1.67,,,190.83,,,1.13,,,16.8,,,2.02,,
52,8,52.08,N,Negative,14_05:486557,2,15,58,65,63.94,72.67,-8.73,NA,74.54,NA,NA,63.68,NA,0.33,,,225.33,,,0.57,,,222.8,,,1.62,,
52,9,52.09,TB,B 20,16_04:486566,2,11,85,92,107.09,72.67,34.42,89.18,74.54,14.63,NA,63.68,NA,5,,,211.25,,,1.38,,,NA,,,NA,,
52,10,52.1,TB,B 21,5_02:486504,2,12,80,80,110.84,72.67,38.17,112.4,74.54,37.85,72.73,63.68,9.05,4,,,289.17,,,0.98,,,15.2,,,2.35,,
52,11,52.11,TB,B 64,12_01:486543,2,15,80,80,105.9,72.67,33.23,81.76,74.54,7.21,72.36,63.68,8.68,3,,,244.5,,,0.82,,,13.8,,,2.23,,
52,12,52.12,TB,B 46,B46:486786,2,13,80,85,103.24,72.67,30.57,88.15,74.54,13.61,95.16,63.68,31.48,4.67,,,261.67,,,1.06,,,17.2,,,2.19,,
53,1,53.01,TF,F 56,53_01:486736,1,15,85,92,81.37,71.57,9.8,71.56,73.74,-2.19,64.79,62.85,1.95,4,,,225.33,,,1.21,,,3.1,,,2.05,,
53,2,53.02,TF,F 04,53_02:486737,1,10,73,80,91.24,71.57,19.67,92.45,73.74,18.7,91,62.85,28.15,1.33,,,143.67,,,1.31,,,3,,,2.37,,
53,3,53.03,TF,F 17,53_03:486738,1,4,85,92,90.84,71.57,19.27,129.62,73.74,55.88,73.94,62.85,11.09,5,,,415.25,,,1.34,,,NA,,,NA,,
53,4,53.04,TF,F 16,53_04:486739,1,14,73,73,74.43,71.57,2.86,79.19,73.74,5.45,93.18,62.85,30.33,1,,,204,,,1.3,,,8,,,2.18,,
53,5,53.05,N,Negative,14_05:486557,1,15,58,65,76.44,71.57,4.87,NA,73.74,NA,NA,62.85,NA,0.33,,,217.17,,,0.58,,,225.1,,,1.54,,
53,6,53.06,TF,F 20,53_06:486740,1,7,85,100,102.07,71.57,30.5,99,73.74,25.26,73.74,62.85,10.89,4.33,,,288.67,,,1.1,,,0.9,,,2.76,,
53,7,53.07,TB,B 15,8_05:486525,2,14,92,100,91.95,71.57,20.38,99.14,73.74,25.4,89.47,62.85,26.62,1.33,,,181.17,,,1.17,,,NA,,,NA,,
53,8,53.08,TB,B 55,18_04:486574,2,4,85,85,90.34,71.57,18.77,129.14,73.74,55.4,98.81,62.85,35.96,5,,,136.33,,,1.2,,,7.1,,,2.46,,
53,9,53.09,TB,B 85,9_01:486527,2,14,80,85,120.06,71.57,48.49,101.38,73.74,27.64,108.74,62.85,45.89,2.33,,,297.17,,,0.81,,,54.6,,,1.55,,
53,10,53.1,TB,B 53,9_05:486530,2,12,80,85,109.28,71.57,37.71,111.61,73.74,37.87,93.93,62.85,31.09,4.67,,,257,,,0.95,,,1.7,,,1.9,,
53,11,53.11,T,Positive,6_03:486512,2,12,114,122,120.31,71.57,48.74,102.23,73.74,28.49,97.61,62.85,34.76,12.67,,,501.83,,,1.2,,,NA,,,NA,,
53,12,53.12,TB,B 12,B12:486781,2,11,85,85,107.11,71.57,35.54,54.16,73.74,-19.58,92.44,62.85,29.59,2.33,,,296.83,,,NA,,,42.6,,,1.88,,
54,1,54.01,TF,F 45,54_01:486742,1,11,85,92,53.71,70.47,-16.76,61.01,72.94,-11.93,44.1,62.01,-17.91,2.67,,,191.5,,,1.33,,,7.2,,,2.18,,
54,2,54.02,TF,F 28,54_02:486743,1,10,80,85,65.07,70.47,-5.41,45.42,72.94,-27.53,53,62.01,-9.02,1,,,185.5,,,1.12,,,15.5,,,2.31,,
54,3,54.03,T,Positive,6_03:486512,1,11,122,128,49.4,70.47,-21.07,NA,72.94,NA,35.58,62.01,-26.43,13,,,518.33,,,1.3,,,12.5,,,2,,
54,4,54.04,TF,F 08,54_04:486744,1,13,80,85,62.42,70.47,-8.05,53.23,72.94,-19.71,40.67,62.01,-21.34,2.67,,,236.83,,,1.29,,,14.4,,,2.3,,
54,5,54.05,TF,F 06,54_05:486745,1,2,80,85,87.56,70.47,17.09,54.77,72.94,-18.17,50.33,62.01,-11.68,3,,,157.5,,,1.33,,,5.3,,,2.37,,
54,6,54.06,F,Mo17,54_06:486746,1,8,58,65,39.62,70.47,-30.85,NA,72.94,NA,NA,62.01,NA,0,,,95.17,,,1.12,,,NA,,,NA,,
54,7,54.07,TB,B 62,10_01:486532,2,13,65,80,59.77,70.47,-10.7,43.83,72.94,-29.11,42.26,62.01,-19.75,3.67,,,260.67,,,0.91,,,31.2,,,2.09,,
54,8,54.08,TB,B 33,15_06:486563,2,13,80,80,70.78,70.47,0.31,58.16,72.94,-14.78,49.16,62.01,-12.85,2.67,,,181,,,1.04,,,6.7,,,2.03,,
54,9,54.09,TB,B 43,6_05a:486514,2,9,92,92,57.5,70.47,-12.97,47.18,72.94,-25.77,41.82,62.01,-20.19,3,,,214.33,,,0.95,,,1.5,,,2.06,,
54,10,54.1,N,Negative,14_05:486557,2,15,58,65,62.64,70.47,-7.84,NA,72.94,NA,NA,62.01,NA,0.33,,,177.5,,,0.44,,,211.1,,,1.41,,
54,11,54.11,TB,B 78,15_04:486561,2,12,73,80,51.85,70.47,-18.62,42.61,72.94,-30.33,41.75,62.01,-20.26,2.33,,,213.67,,,1.01,,,19.4,,,2.18,,
54,12,54.12,TB,B 14,6_04:486513,2,8,80,85,57.82,70.47,-12.65,46.24,72.94,-26.7,43.21,62.01,-18.8,2.33,,,226.5,,,0.79,,,15.5,,,1.96,,
55,1,55.01,TF,F 24,55_01:486747,1,10,85,85,67.01,69.37,-2.36,51.77,72.14,-20.37,43.75,61.18,-17.43,3,,,243.5,,,1.11,,,0.6,,,2.09,,
55,2,55.02,TF,F 18,55_02:486748,1,6,85,92,71.61,69.37,2.24,50.2,72.14,-21.94,46.29,61.18,-14.88,2.67,,,267.67,,,1.4,,,0.4,,,2.52,,
55,3,55.03,N,Negative,14_05:486557,1,13,58,65,58.03,69.37,-11.34,NA,72.14,NA,NA,61.18,NA,0.67,,,193.33,,,0.59,,,211.4,,,1.43,,
55,4,55.04,TF,F 57,55_04:486749,1,12,85,92,60.47,69.37,-8.9,39.3,72.14,-32.84,39.63,61.18,-21.55,4,,,239.83,,,1.02,,,9.6,,,2.36,,
55,5,55.05,TF,F 32,55_05:486750,1,6,80,85,74.84,69.37,5.47,62.3,72.14,-9.84,53.9,61.18,-7.27,1.33,,,146.17,,,0.95,,,22,,,1.88,,
55,6,55.06,TF,F 40,55_06:486751,1,12,85,92,104.08,69.37,34.71,76.24,72.14,4.11,70.17,61.18,8.99,3.33,,,147.83,,,1.27,,,NA,,,NA,,
55,7,55.07,TB,B 24,8_04:486524,2,12,80,85,78.33,69.37,8.96,62.71,72.14,-9.43,57.05,61.18,-4.13,2,,,172.33,,,0.99,,,26.5,,,1.84,,
55,8,55.08,TB,B 76,8_01:486521,2,7,85,85,78.36,69.37,8.98,64.73,72.14,-7.41,53.07,61.18,-8.1,3,,,162.67,,,0.97,,,23.6,,,2.27,,
55,9,55.09,T,Positive,6_03:486512,2,13,100,100,67.26,69.37,-2.11,44.85,72.14,-27.29,40.82,61.18,-20.35,11.33,,,454.83,,,1.17,,,NA,,,NA,,
55,10,55.1,TB,B 04,14_02:486554,2,10,100,100,78.6,69.37,9.23,67.79,72.14,-4.35,67.96,61.18,6.78,4,,,132.5,,,0.84,,,NA,,,NA,,
55,11,55.11,TB,B 13,10_02:486533,2,2,85,92,37.82,69.37,-31.55,45.98,72.14,-26.16,57.48,61.18,-3.7,4,,,179.75,,,1.04,,,NA,,,NA,,
55,12,55.12,TB,B 16,14_01:486553,2,9,85,92,37.92,69.37,-31.45,39.93,72.14,-32.21,36.9,61.18,-24.27,1,,,198.83,,,0.82,,,7.3,,,2.1,,
56,1,56.01,TF,F 47,56_01:486752,1,10,80,85,65.49,68.27,-2.78,54.21,71.34,-17.13,41,60.34,-19.34,3,,,203.17,,,1.51,,,0.2,,,2.16,,
56,2,56.02,N,Negative,14_05:486557,1,14,58,65,53.9,68.27,-14.38,NA,71.34,NA,NA,60.34,NA,0.67,,,186.83,,,NA,,,194.4,,,1.61,,
56,3,56.03,TF,F 53,56_03:486753,1,10,100,100,57.12,68.27,-11.16,52.79,71.34,-18.55,45.82,60.34,-14.52,4,,,257.5,,,1.05,,,NA,,,NA,,
56,4,56.04,TF,F 03,56_04:486754,1,12,80,85,73.79,68.27,5.52,53.06,71.34,-18.27,41.15,60.34,-19.19,2.33,,,168.33,,,1.45,,,4.1,,,2.12,,
56,5,56.05,TF,F 37,56_05:486755,1,9,85,92,65.94,68.27,-2.34,44.46,71.34,-26.88,36.78,60.34,-23.56,3,,,225.67,,,1.14,,,11.4,,,2.22,,
56,6,56.06,TF,F 59,56_06:486756,1,8,80,80,67.09,68.27,-1.19,57.05,71.34,-14.28,42.06,60.34,-18.28,2.33,,,223.5,,,1.08,,,4,,,2.18,,
56,7,56.07,TB,B 77,9_04:486529,2,7,85,92,78.82,68.27,10.55,45.51,71.34,-25.83,36.55,60.34,-23.79,4,,,210.67,,,1.02,,,4.3,,,2.665,,
56,8,56.08,TB,B 10,15_03:486560,2,8,80,80,57.45,68.27,-10.82,45.76,71.34,-25.58,38.05,60.34,-22.29,4.33,,,285.17,,,0.98,,,15.4,,,2.06,,
56,9,56.09,TB,B 18,14_03:486555,2,4,100,100,84.26,68.27,15.99,71.07,71.34,-0.27,28.27,60.34,-32.07,3.33,,,125.83,,,1.22,,,NA,,,NA,,
56,10,56.1,TB,B 72,4_04:486501,2,12,80,85,57.99,68.27,-10.29,48.24,71.34,-23.09,40.72,60.34,-19.62,3,,,263.33,,,0.84,,,85.5,,,2.12,,
56,11,56.11,TB,B 19,12_06:486546,2,1,92,100,69.03,68.27,0.76,58.72,71.34,-12.62,35.03,60.34,-25.31,4,,,195.5,,,1.13,,,0.2,,,2.38,,
56,12,56.12,TB,B 74,13_01:486547,2,4,100,100,87.6,68.27,19.32,59.77,71.34,-11.57,49.59,60.34,-10.75,2.33,,,215.5,,,0.92,,,9.3,,,2.2,,
57,1,57.01,TF,F 11,57_01:486757,1,13,80,85,68.02,67.17,0.85,65.71,70.54,-4.83,51.77,59.5,-7.73,3.67,,,203.67,,,1.135,,,0.3,,,2.1,,
57,2,57.02,T,Positive,6_03:486512,1,13,122,128,41.26,67.17,-25.92,35.98,70.54,-34.56,33.4,59.5,-26.1,15,,,386.33,,,1.32,,,NA,,,NA,,
57,3,57.03,TF,F 49,57_03a:486758,1,7,85,92,48.92,67.17,-18.25,36.61,70.54,-33.93,41.44,59.5,-18.07,2,,,187,,,1.22,,,NA,,,NA,,
57,4,57.04,TF,F 54,57_04:486759,1,13,73,80,60,67.17,-7.17,57.19,70.54,-13.35,46.98,59.5,-12.52,3.67,,,154.5,,,1.39,,,0.4,,,2.6,,
57,5,57.05,TF,F 58,57_05:486760,1,11,73,80,62.4,67.17,-4.78,50.31,70.54,-20.23,43.31,59.5,-16.19,4,,,262.17,,,0.86,,,26.2,,,2.32,,
57,6,57.06,TF,F 36,57_06:486761,1,11,92,107,64.21,67.17,-2.96,50.97,70.54,-19.57,50.04,59.5,-9.46,5,,,235,,,1.05,,,NA,,,NA,,
57,7,57.07,TB,B 37,8_03:486523,2,7,73,80,72.97,67.17,5.8,51.28,70.54,-19.25,36.65,59.5,-22.85,2.33,,,200.33,,,0.99,,,107.1,,,1.84,,
57,8,57.08,TB,B 36,9_06:486531,2,8,80,85,72.34,67.17,5.17,60.16,70.54,-10.38,45.31,59.5,-14.19,5,,,347,,,1.08,,,NA,,,2.385,,
57,9,57.09,N,Negative,14_05:486557,2,15,58,65,49.58,67.17,-17.59,NA,70.54,NA,NA,59.5,NA,0.67,,,237.83,,,0.8,,,222.2,,,1.68,,
57,10,57.1,TB,B 67,17_05a:486570,2,8,80,85,73.07,67.17,5.9,71.34,70.54,0.81,61.64,59.5,2.14,1,,,153,,,NA,,,29.4,,,2.07,,
57,11,57.11,TB,B 57,13_04:486550,2,14,85,92,84,67.17,16.82,68.39,70.54,-2.14,68.31,59.5,8.8,2,,,233.67,,,0.87,,,9.9,,,2.24,,
57,12,57.12,T,Positive,6_03:486512,2,12,114,122,70.72,67.17,3.55,57.11,70.54,-13.43,47.41,59.5,-12.09,NA,,,NA,,,NA,,,NA,,,NA,,
58,1,58.01,TF,F 21,58_01:486762,1,8,85,92,50.51,66.07,-15.56,37.97,69.73,-31.77,31.11,58.67,-27.56,3.67,,,195.5,,,1.35,,,0.9,,,2.59,,
58,2,58.02,N,Negative,14_05:486557,1,13,58,65,43.54,66.07,-22.53,NA,69.73,NA,NA,58.67,NA,0.33,,,199.83,,,0.71,,,213.4,,,1.68,,
58,3,58.03,TF,F 12,58_03:486763,1,8,92,92,77.67,66.07,11.6,57.17,69.73,-12.56,47.3,58.67,-11.37,2.33,,,217.33,,,1.29,,,2.9,,,2.22,,
58,4,58.04,TF,F 14,58_04:486764,1,13,80,92,62.77,66.07,-3.31,49.8,69.73,-19.93,42.36,58.67,-16.3,2.33,,,212.83,,,1.37,,,4.4,,,2.22,,
58,5,58.05,TF,F 26,58_05:486765,1,5,80,85,81.18,66.07,15.11,58.6,69.73,-11.13,58.26,58.67,-0.41,2.67,,,205.67,,,1.02,,,6,,,1.98,,
58,6,58.06,TF,F 35,58_06a:486766,1,8,80,80,63.22,66.07,-2.85,43.04,69.73,-26.69,43.04,58.67,-15.62,4.33,,,187.83,,,1.23,,,7.9,,,2.24,,
58,7,58.07,TB,B 71,7_03:486517,2,13,85,85,68.13,66.07,2.06,65.91,69.73,-3.83,44.23,58.67,-14.44,3.67,,,262.67,,,0.93,,,NA,,,NA,,
58,8,58.08,TB,B 35,8_02:486522,2,11,80,85,63.16,66.07,-2.91,47.75,69.73,-21.98,38.19,58.67,-20.48,4.33,,,215.33,,,0.83,,,25.8,,,1.83,,
58,9,58.09,TB,B 59,11_04:486540,2,14,80,80,72.82,66.07,6.75,58.82,69.73,-10.91,48.85,58.67,-9.82,NA,,,189.33,,,1.39,,,NA,,,NA,,
58,10,58.1,TB,B 07,B07:486780,2,14,92,92,63.58,66.07,-2.49,57,69.73,-12.73,42.6,58.67,-16.06,3.33,,,207.67,,,0.94,,,6.8,,,2.03,,
58,11,58.11,TB,B 69,14_06:486558,2,14,85,85,61.03,66.07,-5.04,53.9,69.73,-15.83,42.89,58.67,-15.78,2.33,,,255.5,,,0.89,,,32.2,,,2.04,,
58,12,58.12,TB,B 03,16_02:486564,2,13,85,85,75.54,66.07,9.47,57.9,69.73,-11.83,47.09,58.67,-11.58,4,,,354,,,0.86,,,36.7,,,2.11,,
59,1,59.01,TF,F 22,59_01:486767,1,5,80,80,53.03,64.97,-11.94,55.88,68.93,-13.06,51.65,57.83,-6.18,3.33,,,222.17,,,1.46,,,9.4,,,2.26,,
59,2,59.02,N,Negative,14_05:486557,1,15,58,65,37.62,64.97,-27.35,NA,68.93,NA,NA,57.83,NA,0.33,,,191.83,,,0.61,,,205.2,,,1.44,,
59,3,59.03,TF,F 05,59_03:486768,1,15,85,92,53.08,64.97,-11.9,51.41,68.93,-17.52,45.7,57.83,-12.13,2.67,,,172.17,,,1.46,,,0,,,2.34,,
59,4,59.04,TF,F 41,59_04:486769,1,8,92,92,65.53,64.97,0.56,55.23,68.93,-13.71,41.02,57.83,-16.81,2.33,,,188.33,,,0.96,,,0.2,,,2.26,,
59,5,59.05,TF,F 55,59_05:486770,1,10,80,85,59.57,64.97,-5.4,51.7,68.93,-17.23,47.99,57.83,-9.84,4.33,,,201,,,1.2,,,0.3,,,3.34,,
59,6,59.06,TF,F 34,59_06:486771,1,9,85,92,50.58,64.97,-14.39,44.15,68.93,-24.78,36.86,57.83,-20.97,4.33,,,344.17,,,1.04,,,6.1,,,2.19,,
59,7,59.07,TB,B 38,5_04a:486506,2,3,85,92,62.35,64.97,-2.62,47.85,68.93,-21.08,38.69,57.83,-19.14,5,,,274.75,,,1.06,,,7.3,,,2.11,,
60,1,60.01,TF,F 51,60_01:486772,1,14,85,92,48.77,63.87,-15.11,36.57,68.13,-31.56,30.83,57,-26.16,3.33,,,208.33,,,1.31,,,0.6,,,2.57,,
60,2,60.02,TF,F 50,60_02:486773,1,11,73,80,54.11,63.87,-9.76,55.39,68.13,-12.74,50.11,57,-6.89,3,,,176.67,,,1.26,,,4.7,,,2.1,,
60,3,60.03,T,Positive,6_03:486512,1,14,114,128,73.93,63.87,10.06,37.87,68.13,-30.26,27.6,57,-29.39,15,,,497.5,,,1.145,,,0.3,,,2.08,,
60,4,60.04,TF,F 42,60_04:486774,1,4,73,80,61.03,63.87,-2.85,37.11,68.13,-31.02,38.52,57,-18.48,5.67,,,353.83,,,1.1,,,6.9,,,2.71,,
60,5,60.05,TF,F 07,60_05:486775,1,11,80,85,85.34,63.87,21.46,61.22,68.13,-6.91,54.31,57,-2.69,2.33,,,124,,,1.18,,,0.3,,,2.26,,
60,6,60.06,TF,F 01,60_06:486776,1,12,80,80,64.56,63.87,0.69,57.42,68.13,-10.71,47.79,57,-9.21,1.67,,,114.17,,,1.29,,,19.1,,,2.24,,
61,1,61.01,TF,F 52,61_01:486777,1,11,80,85,59.21,62.77,-3.57,53.43,67.33,-13.9,39.06,56.16,-17.1,3.33,,,155.5,,,1.37,,,0.6,,,2.41,,
61,2,61.02,TF,F 38,61_02a:486778,1,3,100,107,97.03,62.77,34.25,76.3,67.33,8.97,46.62,56.16,-9.54,8.5,,,339.75,,,1.24,,,0.2,,,2.63,,