<Trait>,15NT1,15NT2,15NT3,AR,DPS,DT,GDM,GTNP,GTN,PDM,PTNP,PTN,SC
10_01:486532,92.09946449,83.02599934,77.16245133,3.646778502,82.99111379,73.43519482,24.46095479,2.154602412,0.499049165,216.9698981,1.243377025,2.716438909,12.07449335
10_02:486533,89.98400168,84.77788323,77.83254185,3.70049918,88.2089617,81.94554852,24.92504749,2.049544657,0.469051716,202.6391745,1.185207471,2.287618973,4.749127442
10_03a:486534,96.90826343,88.19587464,79.29673336,3.445569476,86.17260371,81.82509286,16.46268436,2.199911894,0.342388695,237.1265708,1.219276351,2.815058223,11.01836262
10_05:486536,100.8585745,88.27608061,80.07686921,2.282043407,82.43342925,79.94088012,13.92294038,2.077128543,0.282344122,198.9000236,1.168664219,2.211143525,7.892000883
11_01:486537,NA,NA,78.9462127,3.766965137,85.33726006,81.05890424,26.43408783,2.089577291,0.525390041,208.0582603,1.149191283,2.390937515,4.550047031
11_02:486538,NA,90.30168984,80.46518859,2.439138333,88.78255841,83.39804473,23.51946719,2.122667059,0.475774668,240.6843494,1.137165793,2.526175714,11.35381813
11_03a:486539,NA,NA,NA,3.626465379,84.69658455,85.10226332,NA,NA,NA,200.0360164,1.263974132,2.444883261,3.930669254
11_04:486540,97.46108098,89.98836417,79.51344572,4.356938485,80.84844478,81.04450514,14.04573957,2.116037919,0.284083368,193.149172,1.2955281,2.504533148,13.14846304
11_05:486541,96.78157772,90.73667956,80.90419724,1.852502796,85.32619109,85.83231327,13.41564533,2.347946201,0.293804827,201.482554,1.136774106,2.052938822,12.75513762
11_06:486542,NA,89.45118686,77.74275435,4.102703613,102.6228584,96.10328587,8.094825566,2.430972302,0.168546082,251.4960163,1.206856304,2.955172282,4.500458515
12_01:486543,94.0996852,84.81539151,76.13149363,3.346238612,81.2152241,80.62154023,21.73407647,2.113804489,0.427916893,223.462879,1.162513788,2.567926767,12.98343384
12_04:486544,95.81174794,88.08456916,78.38637936,4.8450476,85.94833375,82.95030543,15.02406528,2.145622686,0.315831475,202.0301041,1.167041769,2.157848838,13.35945275
12_05:486545,98.72692117,88.67924175,79.15453797,2.444194128,82.88546313,81.9741824,23.73600386,2.065037025,0.464027182,205.4536097,1.110728937,2.123383241,13.08084887
12_06:486546,104.7119255,91.77417866,78.62264807,3.811987059,103.7629565,98.94200458,10.06939584,2.252034451,0.212861419,201.6006675,1.260601825,2.51648252,2.10450181
13_01:486547,102.5152907,91.04929978,78.04982459,2.413910148,103.4913429,95.8062718,14.16321372,2.187068447,0.298556678,200.8023477,1.218586754,2.388398692,6.512915414
13_03:486549,96.95747242,91.835199,79.12113161,3.228175197,83.26669583,77.17850692,23.79185462,1.939430287,0.427257098,218.2034649,1.182848372,2.354985776,11.71394023
13_04:486550,100.6701143,91.86332148,80.28940216,2.080221492,88.32096405,82.98704982,13.0947132,2.155126593,0.287491688,202.2847569,1.176521096,2.170886052,13.08003302
13_05:486551,106.7542701,94.54680078,84.80759136,3.988386599,82.84831451,80.54444306,50.91101832,1.956529702,0.875337286,188.9969853,1.164965439,1.967732517,10.97383869
13_06:486552,108.9532566,95.86263746,81.57772951,3.426679184,83.31112141,81.14350881,30.85068567,2.141359805,0.614096612,185.590828,1.057345297,1.657660992,13.53257541
14_01:486553,92.48260761,83.90256999,75.94427889,1.347091464,88.60050286,82.74818708,12.11986413,2.155939966,0.252112556,208.0955046,1.181434183,2.40119288,11.71615907
14_02:486554,99.4545923,93.54903994,82.41160192,3.314186278,103.0000765,95.88528244,NA,NA,NA,171.7780502,1.195426955,1.939367362,7.77281435
14_03:486555,104.9023838,94.7943391,80.14118831,3.136816802,92.90831145,92.40006467,12.00305241,2.083012118,0.243181334,178.4417468,1.248605928,2.146253952,6.016615106
14_04:486556,97.30759228,90.86480008,79.64626368,2.826362081,89.05867573,86.67444895,19.34703228,2.205868277,0.4083418,221.3945844,1.314119815,3.026823626,6.583782173
14_06:486558,95.24198042,87.74700004,79.9698969,2.911929739,89.36971833,86.37112636,24.62998197,2.135195979,0.49757666,202.9806313,1.140107777,2.110204149,12.99145111
15_01a:486559,103.0826789,94.81795112,79.86855605,3.399555511,84.49538427,85.16481086,NA,NA,NA,187.5924846,1.2238957,2.271626662,8.549849518
15_03:486560,94.471562,86.87434551,79.49252294,4.224895355,82.84245352,80.10030831,12.54067123,2.132746035,0.256972071,241.7353927,1.182402026,2.778424656,8.330766758
15_04:486561,97.12997444,85.85856688,78.76822876,2.66005075,80.51658385,77.77328398,17.75047141,2.233536083,0.379213144,199.3073191,1.177263966,2.234559574,11.71638953
15_05:486562,96.03469038,88.2637953,78.87957748,4.057962573,91.95243408,88.81349634,15.50244671,2.113324934,0.308748583,206.9752504,1.132392069,2.21242266,5.830887931
15_06:486563,101.2408556,90.8167209,81.58639199,3.364996746,80.51658385,81.0220345,15.48540524,2.079717669,0.309092765,198.2148937,1.200671913,2.259761079,12.15453895
16_02:486564,101.0102248,90.91050817,79.64114289,3.492177546,92.78644601,93.05550484,26.6543974,2.160460536,0.547958646,241.0114972,1.216635495,2.740175422,11.84374275
16_03a:486565,94.73558899,84.40914111,77.4639215,4.459568688,88.58002256,79.89995762,7.261811602,2.224840037,0.169254548,189.3545506,1.259292782,2.258141917,7.441035076
16_04:486566,102.4534427,89.83148936,NA,5.279596112,92.0167667,84.78338742,NA,NA,NA,197.6788291,1.344703251,2.673855923,9.175597572
16_05:486567,101.6842168,93.86168279,80.44958507,2.229612389,80.38115679,76.41457727,8.416439071,2.095768566,0.175668899,203.8765731,1.197624409,2.292746438,9.389145854
17_01:486568,105.2096924,90.52330113,80.18168565,3.101444574,85.51105254,83.13846053,22.58602481,2.169796974,0.447566962,219.4866285,1.133926389,2.391106556,13.02729208
17_02:486569,NA,89.78638965,NA,1.746006016,85.1180954,85.39274454,12.22882367,2.087790729,0.252959344,247.543639,1.317276453,3.562776628,3.225534356
17_05a:486570,99.6857417,91.34050963,79.20781021,1.386466361,84.79539591,80.83180385,21.71142237,2.065144742,0.435527216,168.6665971,1.104172058,1.807838236,9.215757574
18_01:486571,100.2961509,95.60129325,81.49267268,2.422974357,88.26082749,82.30213492,20.12838552,2.083719511,0.395049505,209.7490811,1.134794628,2.161327288,10.90392487
18_02a:486572,94.23945934,87.15257716,78.30518423,2.301373208,85.21966207,85.57751546,15.95064945,2.14652445,0.329023123,209.2699877,1.070687129,2.063526837,13.08939517
18_03a:486573,96.7451341,90.83230577,78.90925205,3.513958563,80.60454024,80.79159016,19.81953228,2.204272009,0.420756158,189.7241557,1.127584802,1.952176105,11.52972994
18_04:486574,99.4687019,93.81133871,79.03039062,3.981142363,85.6589519,83.28606839,12.91867574,2.28650606,0.288084786,174.4031284,1.345889955,2.30360563,6.006749895
18_05:486575,93.52535649,85.86586555,79.71057855,2.997004079,85.6092678,81.04230484,23.40397398,2.069546002,0.458489606,226.1869721,1.10337464,2.197780385,14.0773767
19_05:486576,107.4975566,96.12075111,79.89985205,6.400850917,139.7175566,139.2777821,7.0425719,2.344762158,0.15715098,221.8025488,1.271722829,2.894220933,7.018522729
19_06:486577,NA,NA,77.54187543,6.42704186,139.9429226,136.2785451,NA,NA,NA,189.512324,1.352183348,2.505746907,2.329792408
20_01:486578,105.6722543,92.78267031,81.56308198,2.846183199,133.2380551,132.6029244,9.740956044,2.107168175,0.209637185,163.3182422,1.259868606,1.905582251,7.78263635
20_02a:486579,90.71079378,87.87042315,79.49957787,7.822901418,141.8259366,141.5970178,NA,NA,NA,223.1886597,1.296271757,3.13558645,2.175036298
20_03:486580,102.9892076,89.47611539,75.38121172,9.146619022,138.8458959,129.6072618,13.57272859,2.091938738,0.278774066,223.6944422,1.453317028,3.560943781,2.588622526
20_04:486581,107.1539898,90.69201035,78.67745565,6.64505152,122.6392231,118.9206458,11.54242143,2.19514581,0.24090721,207.3819638,1.386774562,2.974756695,6.030038696
20_06:486582,102.2963605,99.532708,81.66991655,9.372438114,139.1300223,135.7572946,5.796462835,2.440701706,0.131869258,208.9845378,1.361698489,2.928978008,6.866181841
21_02a:486583,NA,NA,82.72523292,3.14709379,135.8911418,135.5116937,NA,NA,NA,190.9856706,1.305145565,2.445188221,2.187101776
21_04:486584,NA,NA,80.01974487,5.579569231,129.4299713,128.7388569,NA,NA,NA,226.9999397,1.295768231,3.211902195,3.087963789
21_05:486585,98.13611625,92.01236602,81.86378305,6.799459317,142.3523124,135.3673387,11.77721765,2.336223941,0.239356339,185.9839097,1.294084588,2.282978756,9.074368798
22_01:486587,87.40963047,90.58940043,78.55672721,3.47465727,140.1965703,136.4100147,NA,NA,NA,171.2957242,1.441938479,2.402021956,5.227874873
22_02:486588,111.6403994,92.97717923,79.7789897,7.431476464,132.8752879,129.3005064,10.5881919,2.280221308,0.228666743,234.8772404,1.241435878,2.803610946,5.193263565
22_04:486590,103.5979732,90.29626033,80.21952857,8.05622385,130.3609493,122.7879072,NA,NA,NA,241.8688239,1.287457546,3.491649868,4.009728551
22_06:486591,100.862936,94.47609693,79.57684269,5.513880685,129.5070518,125.5455204,11.08731232,2.198037703,0.248925309,249.3705069,1.296263517,3.368795236,8.235576312
23_01:486592,108.1651871,92.90859153,78.7354329,5.371331162,119.4615351,119.2720695,NA,NA,NA,209.1878581,1.35696176,3.05557572,6.893989889
23_03:486593,91.81661824,89.45052902,76.11245904,9.170441318,132.9011372,125.759716,18.64086663,2.157507744,0.386069173,379.7370819,1.357046109,6.215232748,3.826943995
24_02a:486594,NA,86.80429551,79.44094824,5.369868854,132.9448452,125.6115291,8.523052771,2.273831374,0.194842613,297.6781102,1.363852408,4.640924545,3.387700512
24_04:486595,93.89092218,NA,82.42084358,4.350559981,136.3217329,132.3633224,NA,NA,NA,199.5016263,1.28750569,2.792902097,7.892318241
24_05:486596,NA,90.20933434,80.09109867,6.969818471,136.6058593,132.1805472,7.619024635,2.065617649,0.162788319,181.9923819,1.377556401,2.499207035,7.788383421
25_01a:486597,95.38113403,90.67726992,79.1031202,4.046395268,84.9330699,80.33905621,15.69078553,2.089425593,0.312270338,218.2136255,1.345362404,3.102007346,8.629898507
25_02:486598,93.83483815,86.29101672,78.14005974,1.756047052,83.00351327,83.394749,14.21026953,2.174984509,0.304512944,203.7378785,1.28469617,2.578087144,11.72956291
25_03:486599,97.5657262,87.91373713,77.85570622,6.722734737,91.54372926,91.28507203,11.812605,2.235702138,0.240300869,207.6513452,1.231401704,2.577492539,3.119186436
25_04:486600,98.30750023,90.58780637,78.58814428,3.876106498,82.74506382,77.4943892,NA,NA,NA,227.3659988,1.328504669,3.2649228,8.687587326
25_06:486601,98.16534831,88.74889744,79.06480958,1.430521763,79.32056114,79.01370739,28.69802276,2.305987998,0.602793276,197.9050807,1.181384304,2.279028078,13.04982643
26_01a:486602,91.68166549,83.22600129,77.60221842,3.375270988,85.17964917,80.65884263,12.34118884,2.254156264,0.254431789,215.3905949,1.262260053,2.936208002,8.027751984
26_02:486603,98.49705392,91.37193373,79.27817117,2.753602176,82.66548252,83.0109009,8.483578165,2.65866387,0.182029921,205.9247483,1.179229015,2.505096191,12.6107704
26_04:486604,104.7319475,93.11972745,80.72136825,3.722511469,83.26566268,79.794975,17.22595216,2.116205935,0.360518507,221.8581654,1.450558619,3.319167377,6.000217695
26_05:486605,94.22465875,89.57016162,78.42214774,2.036396142,79.46985904,79.59814375,29.95622183,2.100892306,0.584607055,171.3371252,1.259398646,1.98135115,13.4414766
26_06:486606,96.91589853,90.95059071,79.76641582,2.401238103,83.10810079,83.03348281,35.77890884,2.072622257,0.67187145,203.1510804,1.258795557,2.550602086,11.67935614
27_01:486607,100.3253047,92.0265221,82.9578975,2.696792191,95.77629256,89.87206878,20.98338834,2.137489799,0.427463978,199.2296396,1.079077965,2.009433447,12.62153674
27_02:486608,93.89526161,87.95824039,76.49177756,3.453708269,98.37509323,95.32349604,NA,NA,NA,183.4599319,1.265744508,2.251755841,10.52296283
27_04:486609,91.31974282,90.06883482,79.14668447,2.984877782,85.72081601,82.29414794,21.76884758,2.159494746,0.449625882,196.6743889,1.234949617,2.373921978,9.148160322
27_06:486610,102.8296362,92.79034781,80.19020806,4.269417108,84.36176782,79.56609536,13.63031811,2.312837522,0.286449417,232.082904,1.229980358,2.962217366,11.72644247
28_01:486611,98.96016578,91.66209512,79.93978105,1.815047925,82.53604563,81.49381564,12.72829107,2.27667247,0.27380087,211.9239963,1.14886317,2.522543229,12.66629376
28_02:486612,96.53909224,89.07243434,76.74506904,2.544756751,85.47276761,85.51307716,23.30890528,2.053724618,0.443612634,207.0472475,1.236217619,2.428972036,7.749877687
28_03:486613,93.72519032,87.05442594,79.17336112,2.199025495,80.18069148,79.94555877,28.33138131,2.07804309,0.539196261,187.6386468,1.186569319,2.082107449,13.64348635
28_04:486614,92.14510564,85.55343556,78.34139151,1.256204807,73.97645279,73.62926188,28.25889279,2.181124355,0.584572326,178.5816193,1.145672624,1.898732909,11.31322389
28_05:486615,93.31464059,86.05050446,79.35559617,2.503153009,85.16136246,80.52094043,10.83175096,2.458976402,0.232808947,198.2011031,1.3073588,2.533911742,12.67141909
29_01:486616,105.1187545,94.86354157,81.04624638,3.306942894,80.41931518,77.58541728,10.54469736,2.248634156,0.223984367,210.6727881,1.223696419,2.773630086,11.61354056
29_02a:486619,104.1375464,85.89926014,80.07673517,3.261349992,89.48010296,89.68318231,9.09954649,2.279787646,0.19342938,211.6767243,1.251079831,2.791699381,2.487465336
29_03:486620,92.27894808,88.00235163,77.11344868,2.122704014,80.55603628,81.03024284,25.43883361,2.109301853,0.494153931,202.218765,1.147080617,2.162636899,12.64414329
29_04:486621,98.10386113,90.45339303,80.4972747,3.650524399,83.23680032,83.58698696,17.14652117,2.293102688,0.384951075,204.0438998,1.354121883,2.847769595,9.10942827
29_05:486617,93.3376759,88.20174631,78.81301828,3.275954829,83.03116699,83.97956676,14.72785804,2.456921802,0.351866666,203.8455953,1.306417338,2.67933978,12.98567762
29_06:486618,88.93930036,84.24640495,75.89301758,1.944037961,80.44240187,76.56823453,25.06421335,2.102046691,0.499629331,201.2086959,1.192052226,2.42187693,13.45047476
30_01a:486622,94.99486121,88.93175917,77.49872493,2.825959423,98.89134104,99.04519267,24.37844275,2.146806031,0.505030173,281.466065,1.114740946,3.118538394,9.106384658
30_02a:486623,94.21560993,91.1200865,80.03929444,2.575357777,80.01572816,79.77432893,13.81748246,2.217309016,0.299414479,224.0835768,1.172001935,2.521152854,12.18724614
30_03:486624,107.8102046,92.39101064,80.58135343,2.92609366,79.69545333,76.31446239,9.767473635,2.386625712,0.200702893,227.9518502,1.395873453,3.36456668,9.754217016
30_05:486625,95.76816298,91.57450513,79.70410129,2.440278304,79.05575658,76.70031088,13.14384947,2.152691261,0.265600836,196.7245796,1.274018839,2.436048197,11.74909672
30_06:486626,90.8984998,85.96315131,78.21930369,1.818494197,79.66583343,76.02420323,29.6927103,2.115339073,0.606075044,190.8465792,1.194517153,2.120903076,8.304347533
31_01:486627,99.44119828,88.89992869,81.46448009,3.213374915,82.23727087,75.80326969,12.4692316,2.247002641,0.272230045,214.0935788,1.252093462,2.871003436,13.09869564
31_02:486628,100.5805513,91.51485605,81.92393755,2.137698567,85.16237832,80.31578854,25.2126262,2.203525919,0.542828455,213.2942318,1.184590543,2.494586201,13.01874536
31_03:486629,101.8361511,89.10367589,79.56617636,1.729404969,85.2029141,84.97847492,32.67408494,2.153928994,0.651248786,212.2089061,1.187813778,2.515597042,13.53202446
31_04:486630,98.18121941,92.06101515,80.38065741,1.4065312,88.03495019,84.51030629,14.65708437,2.25576998,0.318006638,217.2987944,1.120269365,2.356643456,13.07015327
31_05:486631,95.13183907,87.31037494,78.57771571,2.208275471,82.54055165,80.06155575,11.67270821,2.320958875,0.261908002,195.3400505,1.23151955,2.386057039,14.39003696
31_06a:486632,97.35562534,90.06709572,79.05683872,2.863012534,87.99710033,85.06229042,NA,NA,NA,149.3503055,1.279000316,1.742076603,9.593500334
32_01:486633,95.27754802,85.3325035,77.84303935,2.1834377,88.47956027,88.50141093,29.04052724,2.090359641,0.559849651,216.0084487,1.249165502,2.788982286,12.17786652
32_02:486634,94.86175744,89.25661996,78.10042395,1.566441275,85.13321805,85.5352429,31.47956262,2.076389468,0.579744791,190.4388767,1.166317335,2.181185266,13.84357705
32_03a:486635,101.4375663,91.84295845,80.33290754,3.523265465,92.18947073,92.22228591,15.72789294,2.093643185,0.316743746,211.3639407,1.249631836,2.557191599,3.712566808
32_04:486636,104.5756256,93.72943906,80.79127334,3.775574747,83.08124597,82.92986707,18.40507873,2.368250602,0.422291851,243.4780263,1.282392712,3.376416212,8.953808695
33_01a:486637,94.89019618,90.88806956,81.7431722,5.762619372,99.64787372,98.58842235,NA,NA,NA,248.3922664,NA,NA,4.568712357
33_02:486638,92.34871587,88.15384197,78.97030902,3.590436966,85.77782619,83.17270245,23.51717138,2.028987037,0.448210937,240.8086711,1.193925149,2.87655064,9.114963517
33_05:486639,98.90672312,92.44514889,79.14543975,2.534187679,79.96866802,79.15645054,27.58177149,2.241970437,0.603545172,216.8899188,1.155079362,2.536626745,13.5389016
33_06:486640,90.15358673,81.62816817,75.58248152,3.517491931,80.75607058,77.08399184,18.82031993,2.069510787,0.37454236,218.4520193,1.424113647,3.438851917,9.171806881
34_02:486641,95.13892416,88.58519575,79.42898121,1.82354851,88.51231746,84.66708755,23.18596091,2.127273055,0.464095366,204.5559435,1.116384169,2.137419585,13.18019891
34_03:486642,96.88945944,89.70509235,80.55086344,3.67948167,85.17849303,80.53634294,22.24668418,2.142827763,0.443642111,216.74839,1.139829724,2.308025889,13.98223603
34_05:486643,100.6077452,91.78547082,77.78984579,3.085298519,82.68482653,80.06744404,20.67854496,2.293477089,0.440008224,223.8364385,1.217137566,2.742995523,12.9949686
34_06:486644,92.02083561,86.02506729,80.24332673,2.945997813,82.68482653,80.21844422,19.93386567,2.191373486,0.410287196,208.2864459,1.247217499,2.572727368,11.68052036
35_01:486645,93.85909287,86.86243686,78.13915236,2.049534694,84.2945999,78.93106498,26.4114585,2.216728036,0.559497563,181.3036111,1.175723582,2.075230841,12.18505806
35_02:486646,100.0732014,91.00078157,78.11476747,3.70760835,91.60323757,91.83704374,11.92719184,2.26305952,0.252873787,266.8073839,1.136604174,2.9663233,10.35932696
35_03:486647,99.42780331,89.90358025,78.67312333,3.381841355,87.8818219,82.00514077,8.255678692,2.272279078,0.171112397,183.5814388,1.152311814,2.045816994,11.83078712
35_04:486648,98.47005872,90.45541135,78.55479393,4.069253375,86.87080645,80.69832005,13.44598929,2.133375308,0.282576722,194.3155258,1.274583281,2.482126958,10.84834614
36_01:486649,95.19710787,89.56768096,78.77437577,3.107836816,82.76964485,80.18300602,10.90321393,2.233201281,0.235204795,206.6001984,1.23579071,2.53196498,10.33700454
36_02:486650,93.79758745,87.48705525,77.75628897,0.729666269,80.22446404,72.94354782,39.73562902,2.10271808,0.774929883,181.1591907,1.12743969,2.001255818,13.45746397
36_03:486651,102.6919859,92.61452321,81.58262135,1.791579282,83.0003829,80.36781929,20.17966433,2.189813083,0.409641479,210.5472516,1.254723654,2.747250449,11.67114411
36_04:486652,91.00185875,86.05287172,76.92368465,2.984294853,82.54650009,76.47613986,43.13471633,2.030726948,0.789215196,226.6863764,1.112957366,2.588500135,13.48569623
36_06:486654,100.0442318,88.61220331,80.83084623,1.587684773,77.25903303,77.15768149,30.0709051,1.938788848,0.500516394,177.024493,1.165536141,1.849990445,14.37421044
37_01:486655,94.50671069,89.3798211,78.21060951,2.493950053,80.21640278,80.0802058,26.54820185,2.082691319,0.531761099,238.0001779,1.203913839,3.065886778,10.38549857
37_03:486656,97.95958025,94.06832745,79.47242622,1.99402862,81.3780189,78.61585931,13.87529912,2.116724241,0.286156942,214.5301905,1.26123071,2.803647595,10.83317078
37_04:486657,94.85215513,90.10426281,79.24620461,4.692033297,85.6872914,82.0801532,31.27634998,2.068466363,0.610802191,260.0023965,1.235206696,3.24160751,10.94904089
37_05:486659,92.20566496,87.04811221,76.49429252,1.708827901,85.17382255,82.67493678,13.55114574,2.160972546,0.283062188,200.8968429,1.200617164,2.288192443,11.71675073
37_06:486660,98.06671506,86.81937423,80.6210932,3.59553248,82.70157787,76.69365647,NA,NA,NA,221.2719079,1.242867085,2.655041582,8.711738126
38_01:486661,101.454185,94.99971113,80.45940213,1.589829659,85.95865865,85.80873287,29.41374483,2.079687314,0.575421996,183.7240372,1.1346424,2.041869594,12.15460768
38_02:486662,98.52649863,90.41564737,78.97340591,3.469946144,85.5560834,82.27525758,11.89231861,2.214677652,0.250965975,230.6499103,1.16327313,2.728704895,9.142987343
38_03:486663,94.06633918,85.66828393,79.03808948,2.830546966,85.74491958,85.84122587,25.47878543,2.074946999,0.498145145,229.2101285,1.155100482,2.722368871,12.18338551
38_04:486664,94.52860944,87.52168447,79.13494397,2.259680216,92.72317005,92.5893073,17.01975272,2.193357275,0.359819458,207.3344406,1.148158002,2.351516803,9.529418724
38_05:486665,92.96851281,87.67108835,79.6449288,3.89678062,88.83809103,88.12084394,16.53253806,2.155946728,0.347382527,239.8084341,1.27882944,3.314918046,13.11456432
38_06:486666,96.63961512,88.16103011,78.45893935,3.741721172,89.06123579,82.71498835,27.36845946,2.121315386,0.545271203,212.7580443,1.20928427,2.522462373,11.28032087
39_02:486667,97.22074035,90.52990683,79.30428085,4.039358624,89.18430103,85.43147506,15.45797088,2.23440286,0.330007128,244.9567012,1.171697171,2.96067634,10.02740704
39_03:486668,93.55740128,86.22818995,78.58615477,2.385343035,89.05348272,85.40607431,13.87176782,2.123772066,0.290801611,198.7912234,1.217679004,2.235209389,11.02437496
39_04:486669,99.01656637,93.52325368,81.28597829,2.357343269,86.32973514,82.6509423,9.312954532,2.340658332,0.20157394,185.3395978,1.288462083,2.385854485,9.696111139
39_05a:486670,96.54214562,88.01392933,78.69946413,4.465703208,86.78437209,86.67212089,12.08394516,2.24883975,0.255975756,230.7807749,1.320412641,3.221054427,8.712958802
39_06:486671,93.05074765,88.23226013,78.03885053,2.828838696,80.61288922,79.97072213,22.57689495,2.117269671,0.468256676,213.2301405,1.14929078,2.294165887,12.36834291
4_04:486501,95.15034081,89.94446298,80.07180648,2.493014251,88.6058268,82.66572608,42.82765754,2.163054427,0.882790225,238.0488619,1.107425135,2.579637867,12.48379442
4_05:486502,105.5804885,97.48271111,80.73702675,4.350313346,84.762301,80.48964944,13.09185455,2.117419531,0.261484733,210.9324749,1.149605034,2.317199551,9.934327081
40_01:486672,92.60636809,86.55145014,79.71187547,2.78598942,85.51473911,82.96465132,11.88137156,2.129982827,0.257812685,216.5803896,1.288131848,3.004020835,14.32754737
40_03:486673,98.06043877,84.63141631,82.10474348,3.144596734,82.93066296,80.6100374,19.00090381,2.135425456,0.384938941,222.271429,1.159697675,2.614002102,12.57984913
40_04:486674,99.17894386,93.67589572,81.61855174,0.801044817,85.09985384,84.82036889,28.88254202,2.202844919,0.62230302,202.1115313,1.116221024,2.096412472,13.87460604
40_05a:486675,91.71466061,NA,NA,NA,NA,NA,NA,NA,NA,NA,NA,NA,4.673468361
40_06:486676,94.81598774,85.57752953,77.71208846,4.315760268,91.89979089,88.8530946,11.72817868,2.062685062,0.243130459,227.9526307,1.237390251,2.886477031,10.86609902
41_01:486677,106.3321046,93.20370803,81.87385548,3.445378181,95.89893086,96.17555042,13.42642669,2.263606391,0.295014897,224.2411896,1.201685556,2.881511654,13.11638899
41_02:486678,99.53654117,87.70521742,77.06493064,2.928291467,87.76113945,88.03745941,NA,NA,NA,174.8356612,1.233882055,2.136156816,7.883044152
41_05:486679,96.53783169,90.1229057,78.90979686,3.906033877,85.13853148,80.99028469,22.15113399,2.164536908,0.453173761,205.0431159,1.257260405,2.584904144,10.14330471
41_06:486680,102.2472103,94.30876432,79.73654317,3.293258685,88.5119903,83.31640042,13.69346275,2.229509074,0.297743878,260.8848389,1.179909031,3.236529071,13.56161289
42_01:486681,96.76190826,89.72970513,82.00371265,1.156250137,77.13384402,76.98525564,41.3176348,1.942051724,0.704752807,194.6064075,1.022162183,1.977666064,13.69075075
42_02a:486682,110.4758466,98.66626013,81.48443388,2.861482315,77.46749523,70.32358368,49.79384509,2.079228786,0.957689786,229.8777943,1.222600628,2.82827422,8.749421816
42_03:486683,93.60399462,89.1502831,79.03519397,1.243565817,85.40535589,85.38705332,72.86732544,1.907589205,1.212252045,208.4671108,0.957757108,1.779698865,12.31146049
42_05a:486684,103.4960281,92.26228896,78.39599811,5.125229527,85.66778941,83.50851401,7.734131155,2.183450276,0.166904204,244.8716048,1.273367505,3.234881708,4.443057369
42_06a:486685,90.56903192,89.04062737,78.97416318,3.392463766,91.85972602,88.86193833,NA,NA,NA,153.8991805,1.272800925,1.783439094,10.11527797
43_01:486686,102.156952,92.32311058,79.00803962,2.261476732,88.37681774,85.10804231,12.87040585,2.260148071,0.282263434,203.1839017,1.185913084,2.45031982,13.49176908
43_02:486687,105.568357,98.6996541,81.32223682,3.471655467,83.37808813,80.33084705,28.82555315,2.106604891,0.585816671,235.0754184,1.210673404,2.86263456,13.83774534
43_03:486688,96.25670674,95.31355698,81.02876314,1.832762354,81.98432275,79.10351342,16.77642747,2.215201329,0.352336756,208.3399931,1.226203152,2.625278723,13.01771352
43_05:486689,100.1045355,86.79756825,77.20124137,2.187365332,80.09436487,76.57971361,70.41078125,2.053551388,1.309662995,195.7303969,1.151456436,2.129010372,12.56519912
43_06:486690,92.13076794,83.83815378,78.70213592,2.985609702,79.31067091,79.22047987,6.778512268,2.360829618,0.156950665,225.5269725,1.241873743,2.786688215,5.97069424
44_01:486691,98.25856266,86.50767608,79.08457314,2.660245602,80.39547853,80.05454521,31.66728624,2.07507856,0.60527467,192.3198257,1.163251753,2.22805563,13.0225373
44_02:486692,102.4065878,92.78025017,81.53315487,1.579148604,80.49209692,76.88402595,41.62189896,2.003568413,0.771911318,204.2688196,1.132399094,2.280856728,11.39447249
44_03:486693,NA,89.47023645,79.3845574,2.274139237,80.85009738,80.61223565,15.42859181,2.260806494,0.346782995,248.8096125,1.134825456,2.815271509,12.99075083
44_04:486694,NA,90.90361949,78.7350071,3.849030324,80.62280002,80.61772767,7.802298556,2.348097015,0.180997978,222.7617454,1.274225212,2.923561955,11.35381813
44_05:486695,99.0149786,92.08220417,79.84799923,3.031897502,85.16948713,82.35840014,24.80997701,2.07977011,0.478659487,209.4063581,1.179658476,2.45254659,12.19810981
45_01:486696,94.15189011,87.02344758,78.4182348,2.593750923,89.29813887,85.26081188,15.19680181,2.127606894,0.311941873,218.9080371,1.219019441,2.621876729,11.24887134
45_02:486697,95.01932314,94.73560023,79.77683684,3.702900186,80.25458615,76.48712988,17.18081039,2.100710732,0.342095242,191.7475415,1.170483967,2.087962825,9.538175711
45_03:486698,93.96342571,95.73615481,82.2676935,2.463032598,85.18068232,85.25255209,19.75472516,2.200072719,0.411420628,233.6868171,1.21848721,2.834204646,13.3033251
45_06:486700,92.80687121,84.17859604,75.21620485,4.334214409,102.9366127,95.70255749,7.246956855,2.503921572,0.157897143,215.6585485,1.274874135,2.654106667,10.90289509
46_02:486701,94.69594297,93.347384,83.10672704,1.981145022,83.25344713,81.07436826,12.03582482,2.145069338,0.252472357,199.5446322,1.23485917,2.449867004,14.20452016
46_03:486702,NA,92.30711104,79.81862258,0.715673658,80.27668213,80.56211411,35.75879247,2.066295208,0.705829514,194.3534169,1.050910631,1.779290552,12.11023549
46_04:486703,95.99246928,90.99090028,80.84326597,1.882794129,85.60440444,83.24588575,48.78023614,1.959150138,0.858200462,195.5222157,1.067445134,1.876122408,13.44840551
46_05:486704,99.32752856,93.37603357,80.12746185,2.165616774,92.32420547,83.38520241,6.023233676,2.330435966,0.138350135,164.9428394,1.22804899,1.893633684,12.57210668
46_06:486705,98.2503216,89.1670938,78.39102031,2.65028057,85.2618349,85.27122028,10.18342177,2.276511951,0.219475701,236.8294454,1.367102208,3.285025687,8.551936766
47_02:486706,95.35520089,97.4211154,80.56512286,3.56704224,88.64529259,87.76790928,29.53829665,2.21885544,0.637935564,191.8950175,1.163846481,2.126379205,10.01380298
47_03:486707,NA,94.24376277,81.27627577,1.906202293,87.79045518,87.37952256,41.21264388,2.084135056,0.812122254,222.7113637,1.185651635,2.605755521,13.93835226
47_04:486708,99.13602261,85.64533735,77.80386243,1.844811525,91.28707679,84.25626993,24.79292107,2.098570122,0.481918593,185.9282468,1.14904212,2.047038732,5.767817297
47_05:486709,98.62164526,87.01078538,78.37748124,2.649692879,91.17344238,86.60945066,18.21894072,2.022412924,0.354195338,178.1616405,1.157325368,1.969440175,9.203045252
48_01:486710,106.6443782,101.1541907,80.51016572,3.373420511,88.8745664,85.84624825,8.402325619,2.244160407,0.170624848,211.6495646,1.252600165,2.719900607,12.33450636
48_02:486711,98.49167136,89.83431399,80.01603706,1.985790003,80.6435123,76.50081447,55.82296408,1.983978099,1.004437613,205.1800534,1.124082636,2.294184575,12.7906516
48_03:486712,99.08705573,88.94653018,78.92305478,1.823306268,91.73513769,84.03583939,10.39056527,2.392122946,0.234263936,181.8521496,1.229650774,2.161347842,13.23888414
48_04:486713,102.9849941,96.75447494,78.39292854,1.710508026,82.74164601,76.37660447,49.81700078,2.188789112,1.035524326,217.3449775,1.158840886,2.516830359,11.30809116
48_05:486714,94.68679913,90.5046432,79.60147984,3.018008966,88.9525686,82.68139316,19.79034731,2.134493769,0.397196143,277.8947895,1.078172073,2.93567676,11.86785353
48_06:486715,96.87681046,89.91331854,80.55541925,2.595885616,88.9525686,88.23228828,8.3123516,NA,NA,211.7518462,1.314222315,2.866225243,11.86785353
49_01:486716,NA,90.26363766,79.87032215,1.618027781,79.84820542,80.43520642,49.46029569,2.017642081,0.922612067,201.13378,1.142462665,2.241507151,12.32659843
49_02:486717,104.435365,94.05648001,80.48630972,3.584257025,100.0635967,96.16952095,11.22858488,2.387630269,0.253399429,232.3289998,1.183742794,2.766554106,8.340444507
49_03:486718,104.9760188,94.89369813,84.16118007,2.898374309,103.1096736,100.2434141,NA,NA,NA,218.1532923,1.202424485,2.582722222,5.199391897
49_04:486719,98.78131948,91.89014518,78.29409126,2.382273671,83.03855129,76.94508943,14.77831469,2.094636013,0.297568011,200.6076246,1.215200235,2.383990864,13.18378226
49_05a:486720,NA,88.78175451,78.2811632,2.15373758,91.02826207,84.93322852,NA,NA,NA,200.6018845,1.24340208,2.400201363,11.7530527
49_06:486721,97.51002072,88.60469151,78.23751832,2.478727968,80.02317447,80.1221425,14.14664674,2.144528937,0.291020587,196.0881708,1.175765962,2.176263988,10.07717349
5_01:486503,NA,92.28311413,79.5237061,1.743327597,88.66531972,83.47045789,9.071751621,2.204217998,0.200543149,178.9368613,1.268835899,2.099918494,13.83649554
5_02:486504,100.7962823,94.41428759,79.26395179,3.900106825,82.97223849,81.04929466,17.04590281,2.243928022,0.366872249,227.9192389,1.269645094,2.905708115,10.39343074
5_03:486505,100.2920195,88.69529493,78.74912745,2.923999773,86.29972096,83.42262601,12.17871563,2.274049155,0.256721159,191.6535801,1.25648381,2.299653315,10.91565284
5_04a:486506,97.39417229,88.19594358,78.52613549,4.218845268,92.09258151,85.66511985,14.1819856,2.15202146,0.296631871,222.3858205,1.223970744,2.757285783,4.371986483
5_05:486508,NA,82.26808578,77.56029374,1.694369802,80.45635856,76.73828369,28.00938532,2.062592552,0.540281144,217.0222326,1.082176169,2.21440163,11.04512843
5_06:486509,NA,87.380376,78.99552151,4.264432392,79.84261965,76.34403841,10.86106153,2.231697631,0.232664193,196.5419829,1.287173639,2.472478462,12.24344342
50_01:486722,100.0645887,94.13797666,82.50784625,3.468060804,92.40945871,88.87030288,11.26463425,2.223761081,0.235715967,195.0909012,1.267018604,2.49719514,11.450052
50_02:486723,93.93806924,90.00131745,78.00049091,3.036757544,80.80627956,74.33675935,14.70936817,2.18992534,0.303340535,199.0002948,1.216193049,2.416475737,12.26636024
50_03:486724,93.08974472,85.80990289,77.09763269,4.168785566,89.04955819,82.74962354,18.21835493,2.128568559,0.365103386,211.4004709,1.199405955,2.426098805,11.88820141
50_04:486725,95.78659839,86.22966291,78.47757315,2.820164052,84.96667002,80.11616949,14.57440714,2.229626787,0.303932305,229.6494563,1.212346805,2.785556347,9.305227038
50_06:486726,96.44180203,87.54244256,78.82631637,3.138591793,85.51779009,80.63628598,10.94907321,1.963693807,0.206427115,226.5873942,1.16448188,2.549609739,10.5988912
51_01:486727,90.19263529,85.60688257,78.2769327,3.742337652,96.37269364,93.07931353,NA,NA,NA,190.3297207,1.170220965,2.245565072,11.70147335
51_03:486728,93.66168551,88.73197633,79.04258575,3.509059659,85.90128712,83.06600982,17.06818623,2.249198318,0.357767015,209.8127219,1.284873102,2.763210265,8.732128374
51_04a:486729,99.86154526,90.51129638,78.3578146,3.614193447,91.918251,92.01734835,12.20958919,2.17701387,0.247080165,244.4157868,1.208341484,3.025159095,10.06851485
51_05:486730,105.0862259,94.25383582,79.23720638,5.202543799,91.63719109,88.41968469,NA,NA,NA,243.6421305,1.313373665,3.348739642,8.268948655
51_06:486731,98.79309702,89.45241517,78.80977476,2.392790851,91.71166411,84.71899594,20.45326279,2.141342846,0.421774994,189.0329644,1.1152,1.933365154,7.330751183
52_03:486733,93.46367106,89.90542721,78.33451662,2.730329737,80.7476886,80.2285777,20.31584107,2.121628179,0.402741853,202.144923,1.231636223,2.512506398,11.59900125
52_06:486735,99.99045599,91.98229235,78.89122701,3.791021253,88.38418164,82.06301427,11.89205648,2.386664131,0.25610601,243.8385615,1.209606153,2.923440247,5.055931424
53_01:486736,93.0273894,82.379657,75.44036589,3.59867684,91.77241717,88.12968371,9.359040253,2.166408378,0.199333817,219.0257975,1.182556336,2.713312867,13.8388033
53_02:486737,95.13328691,88.08083997,79.6580278,2.188880486,80.85596366,74.16495386,8.786132608,2.217710128,0.184293217,167.560029,1.242467054,2.036654469,10.76797464
53_03:486738,98.92244539,94.43295119,78.32114043,3.879910918,98.89773097,91.87051004,NA,NA,NA,277.3560376,1.27637708,3.823697515,5.575863085
53_04:486739,92.42013506,87.23724312,79.95202413,1.854059481,77.71400097,74.66842338,12.63861424,2.156041781,0.267802877,201.2164889,1.240035026,2.50034552,12.07543367
53_06:486740,102.2984287,91.97704598,78.16212337,4.081760622,96.52172753,85.36847805,8.415374144,2.413265354,0.181700017,233.7858359,1.203549839,2.823814049,6.039042805
54_01:486742,97.84413818,92.71830321,79.47485916,2.713916707,89.26778446,84.30342623,11.53925522,2.313715525,0.248380704,219.8197169,1.225179987,2.769286788,9.820033776
54_02:486743,97.9552573,84.40404281,78.29828646,2.152492651,85.90788394,82.14392025,19.38941605,2.175809361,0.403765589,203.5073024,1.201963085,2.422595044,9.820033776
54_04:486744,95.87891849,87.40860043,78.5360564,2.979940433,85.61000607,81.10179544,13.24223252,2.362813936,0.27903101,229.5047088,1.242731299,2.947093052,12.86868027
54_05:486745,105.5206291,90.05793208,79.9909161,3.192164014,88.44664124,82.91445041,10.27652098,2.281649457,0.217345794,203.632975,1.30620556,2.644783336,2.382265718
55_01:486747,96.96456429,89.03105109,78.36561696,2.684460637,87.90465969,83.72262644,11.47382175,2.147241348,0.235795745,228.5385298,1.123135705,2.540419446,10.39212928
55_02:486748,99.51392723,87.27771655,78.65471133,3.064991934,91.77941825,84.46340224,11.38384773,2.302437913,0.234740849,233.6774101,1.266769696,3.074740345,6.968279831
55_04:486749,95.67111036,85.00939608,77.02255328,4.012934245,87.86839767,81.83134918,19.39167452,2.247560056,0.421020282,234.7935895,1.133981618,2.568834,10.49425922
55_05:486750,96.40941537,88.68853433,78.75719168,2.812960804,83.05425428,76.59181538,17.41968191,2.115705164,0.346534353,196.5006578,1.192409176,2.284367458,6.973862927
55_06:486751,104.6107869,93.32661441,80.78941751,3.060770701,88.41951774,84.38140204,NA,NA,NA,179.7645103,1.314744441,2.271208332,10.91162455
56_01:486752,99.18052535,92.62569561,78.09079651,3.014868271,92.50644445,85.57932149,11.0449966,2.165826833,0.225004447,247.4370563,1.265395886,3.330416726,9.559594937
56_03:486753,102.1266887,96.8667474,81.26335282,4.330759672,100.0154605,95.39408645,11.51128492,2.20022703,0.234585691,255.0001453,1.16224824,3.056855615,9.070296694
56_04:486754,95.58440185,86.75151266,78.9568331,2.166400336,85.30665763,79.57125142,12.79948998,2.151389943,0.260424926,183.0949079,1.328211732,2.442346947,11.31219259
56_05:486755,96.88571135,87.63305183,77.8756118,4.045483319,89.28200602,82.3138073,14.57959303,2.196988763,0.306238505,244.3209119,1.219150542,3.074331455,6.970261336
56_06:486756,101.3548941,92.07325757,79.42287792,2.790746885,80.89954921,76.60991075,14.29132138,2.166272973,0.296064833,207.279942,1.136351002,2.24470341,7.815839039
57_01:486757,99.29343988,93.09146088,80.90565245,3.29466205,81.7674743,79.70046576,9.589058634,2.145220284,0.202550497,186.8420036,1.18524209,2.176582012,13.07419922
57_03a:486758,94.38498175,86.35747103,78.41662261,2.255713852,90.47600808,84.84929713,NA,NA,NA,201.8734112,1.247460298,2.404767111,7.703399901
57_04:486759,96.63098012,92.00155698,78.9525802,3.716785401,79.36754536,76.01468854,7.508953025,2.325681406,0.204308657,176.2676672,1.352662959,2.311154421,11.32160157
57_05:486760,102.7314743,91.53146691,79.98812687,3.84236113,79.63458726,76.51341952,16.15834319,2.308114752,0.356149092,221.3748374,1.157283342,2.461041463,10.43012738
57_06:486761,98.3828063,89.88516319,79.90535009,4.059078936,98.12520209,87.90093912,NA,NA,NA,220.6104066,1.270811631,2.761522197,10.48553403
58_01:486762,94.49361341,87.89400372,79.13963196,2.911962857,89.80884204,86.30047142,11.52464871,2.326898489,0.238221294,188.493775,1.216249646,2.356731421,9.978058416
58_03:486763,103.4507866,92.11178539,80.15547277,2.266890555,92.22634456,88.85567623,10.698154,2.173754937,0.223043345,209.2005939,1.293627791,2.710111193,7.770799889
58_04:486764,97.04411601,91.75565918,78.90050391,2.348581928,92.55704103,86.73814075,12.39693601,2.144346964,0.253924691,207.3792558,1.231723345,2.583133098,12.95269819
58_05:486765,100.0026695,90.91142479,80.54847983,2.992204406,86.00070028,80.96968875,10.80566422,2.133461383,0.221578131,210.9574843,1.206850515,2.481843656,6.027686777
58_06a:486766,93.29317564,85.67657499,78.26131358,3.363460158,83.42890375,80.88630679,10.33496166,2.240701875,0.216549598,205.1834955,1.254956028,2.584544538,8.681721285
59_01:486767,96.37955838,88.41020703,79.5136227,2.766245536,83.14823058,80.55385869,15.08880456,2.317158776,0.330018958,215.4103248,1.268554942,2.937051734,8.644602891
59_03:486768,96.27548881,89.08152228,79.05848731,2.688775396,91.93726409,85.30473285,9.232229849,2.249767229,0.191968739,191.6279429,1.348090248,2.561761933,13.97829052
59_04:486769,94.67293131,87.08703322,78.65473824,2.123130106,95.77715039,95.42314097,9.201201545,2.392977477,0.191794669,199.7813053,1.100992383,2.074292789,8.28234814
59_05:486770,93.81295164,87.65000983,78.55769287,3.528800864,85.21746306,80.38625367,9.356343064,2.54414385,0.195903331,195.3746206,1.216848511,2.272751252,10.47309521
59_06:486771,94.14186365,87.7126903,78.41707718,4.110592776,92.43142084,88.53435859,11.29452321,2.212125717,0.235332668,254.4041878,1.203889224,3.001656592,8.291832681
6_01:486510,94.95553813,92.46260464,80.43472522,2.419488695,92.09610213,89.37596476,12.35976532,2.097930414,0.245589191,201.2787184,1.223495072,2.426222071,14.01447179
6_04:486513,113.4196716,95.37423322,82.18782851,3.358162563,85.47117874,83.55700093,19.8381283,2.126851277,0.413334612,209.716767,1.185091447,2.356397851,6.437089845
6_05a:486514,102.8717865,93.01815915,81.61437229,4.768054554,99.3907666,92.54738615,11.09981293,2.143774745,0.232675161,235.4854888,1.185400066,2.830102159,6.437089845
60_01:486772,93.11065076,84.0980336,77.64327583,3.62099487,92.26276995,88.9333233,11.90579186,2.31201969,0.243661401,205.0082238,1.312124161,2.84090115,13.40728291
60_02:486773,102.2000407,94.40348009,81.63026561,3.06369641,80.13990564,76.84262821,13.75025925,2.142386236,0.279373476,178.4793714,1.246454948,2.125982786,11.65846802
60_04:486774,98.08090554,87.85787378,79.82244369,4.889901951,82.46536156,73.22300207,11.86836226,2.477282625,0.263425738,270.4016921,1.177204781,3.187931425,4.271826632
60_05:486775,99.97241087,92.56464255,79.37757457,2.878582418,85.45462156,80.95848237,11.77083083,2.200133795,0.239956402,173.991253,1.262281482,2.092932832,9.987216216
60_06:486776,96.2659138,89.51045237,79.97141142,1.724403483,80.66317099,80.55618331,17.74845871,2.197063084,0.373377908,178.3235014,1.308990498,2.277885754,11.19114722
61_01:486777,93.1818008,87.46919476,78.44623043,3.928213448,84.6382664,79.68002262,11.76791664,2.254585098,0.241523679,192.5241467,1.177606375,2.253794124,11.37914871
61_02a:486778,100.4705017,90.00299031,78.69721726,7.018385955,105.1533742,98.59445345,11.5879686,2.333987991,0.237578541,263.3114119,1.191771936,3.323022653,4.614888758
7_01a:486515,NA,NA,NA,3.333634151,85.13368293,85.03324777,10.57206999,2.285980102,0.225610881,189.1264634,1.255293302,2.394083359,8.403800697
7_02a:486516,NA,NA,NA,6.503887428,91.59485349,85.12806743,NA,NA,NA,183.6277071,1.369837726,2.449266427,9.183633314
7_03:486517,97.24633778,91.97179087,79.15714553,2.982587705,89.23550054,89.22324222,NA,NA,NA,216.4033888,1.231786335,2.641192896,13.03279808
7_04:486518,NA,88.18314528,77.64309132,2.105689175,80.29082368,76.94496191,30.33544985,2.029414848,0.573284805,199.8792661,1.146662739,2.271324635,11.83333359
7_06:486520,NA,92.27286736,79.61249228,2.33559599,80.76469954,77.37088306,24.41057864,2.134888851,0.504109351,181.5217764,1.220790368,2.115908368,9.254025623
8_01:486521,101.1638476,89.67085557,78.55737106,4.342904731,88.55153123,84.74599043,14.11257534,2.325394344,0.310539165,193.0777127,1.332328961,2.653390196,6.140400878
8_02:486522,91.52576314,84.80268563,77.49323433,3.940648193,85.96084618,83.73160157,21.75081335,2.059402308,0.418356574,202.0904031,1.225675372,2.427376701,10.48273881
8_03:486523,96.73527337,87.25751072,78.1316539,1.995610024,80.08888992,73.83738715,56.65958418,2.058185225,1.032565791,203.1668564,1.180535019,2.306934801,8.760572173
8_04:486524,101.4838166,93.10794184,81.63800095,2.092987272,85.19163072,79.86155771,22.14985649,2.063815511,0.427178956,193.5015965,1.212759197,2.290874792,11.83634325
8_05:486525,99.39938341,91.65310876,79.55753489,2.162956775,96.25917502,92.48310965,NA,NA,NA,201.7265525,1.228932385,2.483172161,12.65412078
8_06:486526,94.84903986,86.19150603,77.23588702,3.571287531,85.60440444,83.16910346,22.71646105,2.044015471,0.443875283,200.1707133,1.145119787,2.131352747,13.44840551
9_01:486527,102.2875092,90.19835557,81.14108262,2.540807767,88.53152377,83.00356012,24.88374088,1.986201928,0.424962564,224.1188658,1.21761964,2.69166872,12.63039901
9_03a:486528,NA,NA,78.13188519,3.554039581,88.38723776,82.40306427,NA,NA,NA,226.7263137,1.292656722,2.954965335,3.622926003
9_04:486529,99.80158208,88.32134727,78.84949204,3.699139547,91.8514896,84.6154317,9.04889246,2.322876015,0.195614331,217.7754006,1.217707512,2.716291341,6.551226922
9_05:486530,101.1521967,92.32810756,79.95974619,3.528576407,85.17162326,80.93771871,10.30043816,2.084327468,0.218292924,199.1324799,1.211860293,2.260922078,10.87780135
9_06:486531,98.21684557,89.58764251,78.78207243,4.209697591,84.36088338,80.13864188,NA,2.254887848,NA,267.5236668,1.177674501,3.024632049,9.174999807
B01:486779,95.43364351,92.17779029,80.61863783,2.928280278,80.58751218,73.90510706,11.13621644,2.054376877,0.229190044,216.2951177,1.208244394,2.54662517,14.13422006
B07:486780,96.68150093,89.84258057,79.11971384,2.705100379,96.00962543,96.50544792,11.11718638,2.116655667,0.228110418,173.7439408,1.102003851,1.763545627,13.0038871
B12:486781,103.9715908,84.7816223,78.68058431,2.601052523,88.64576148,85.78785508,30.79908926,2.045173774,0.592758762,226.3303251,1.112392856,2.288270636,11.99072531
B25:486782,NA,87.22202988,80.38095072,2.621404378,82.68347201,79.95560534,33.72840415,2.187811571,0.677777125,207.8594563,1.293616017,2.561132197,6.410432352
B26:486783,96.41954911,88.86737748,81.74702934,2.886535167,95.75046506,96.07291855,NA,NA,NA,168.5885448,1.371414498,2.094470269,10.59426296
B28:486784,94.65533072,86.42727871,78.16322129,1.82469937,82.76031563,80.23850133,13.11591309,2.14881477,0.264247851,179.1266173,1.295589034,2.229331029,12.52648898
B30:486785,NA,88.16380756,78.07280215,2.750448994,84.43055467,79.15005251,14.63997034,2.14146707,0.303719559,202.7518416,1.109358904,2.136340616,13.06205343
B46:486786,98.64660145,88.43921129,80.37764656,3.82351239,85.32858313,80.11617652,22.16634546,2.139048181,0.451453799,227.8734495,1.111716462,2.309289664,12.55741199
B50:486787,NA,86.66268421,80.17307879,3.182828434,82.68347201,80.28679942,9.153987642,2.120184509,0.189662583,185.1944744,1.172339162,2.022779515,9.91562766
D93:486788,93.94434111,86.45735422,79.60071047,2.014124209,85.86733361,83.18687531,15.24038037,2.056575606,0.292864557,189.9295874,1.094143922,1.905373529,14.32770199